village_id,candidate_minigrids,existing_minigrids,facilities,grid_extension,existing_grid,distance_to_grid,mean_ndvi,mean_wind_speed,mean_pvout_solar_radiation,total_population,mean_biomass,building_count,permanent_building_count,educational_facilities,health_facilities,social_facilities,services,primary_roads,secondary_roads,tertiary_roads,unclassified_roads,percentage_crop_land,percentage_built_area,contains_protected_area,protected_area_name,electrification_strategy
5500895,0,0,0,0,0,23699.534829700286,0.0,0.0,0.0,42.25049591064453,1.0137094350961537,7,0,0,0,0,0,0,0,0,0,20.356666666666666,1.14,False,,Solar home system
5500896,0,0,1,0,0,27033.61858417848,0.0,0.0,1563.1445707070707,27.555091857910156,5.0893312021516826,17,3,0,1,0,0,0,0,0,1,3.3875,0.0266666666666666,True,Agoro - Agu Forest Reserve,Solar home system
5500897,0,0,0,0,0,26096.507733303617,0.0,0.0,1561.5652669270833,258.6739501953125,2.6668873587570623,99,5,0,0,0,0,0,0,0,0,16.7125,3.16,True,Agoro - Agu Forest Reserve,Solar home system
5500898,0,0,0,0,0,25054.2419323928,0.30051371455192566,0.8950734837154203,1587.8150390625,245.89154052734375,2.58102903068555,101,4,0,0,0,0,0,0,0,0,24.385,2.506666666666667,True,Agoro - Agu Forest Reserve,Solar home system
5500899,0,0,0,0,0,23706.8461435625,0.0,0.0,1618.240478515625,0.0,2.3808365495862938,0,0,0,0,0,0,0,0,0,0,20.2925,0.015,True,Agoro - Agu Forest Reserve,Solar home system
5500900,0,0,0,0,0,23687.45669849849,0.0,0.0,1609.1090087890625,1103.347900390625,1.49800621233353,483,13,0,0,0,0,0,0,0,1,19.065,15.472499999999998,False,,Solar home system
5500901,0,0,0,0,0,22380.114999955495,0.0,0.0,1612.5791015625,559.133056640625,2.0394956759077525,172,11,0,0,0,0,0,0,0,0,9.4825,12.606666666666667,False,,Solar home system
5500902,0,0,0,0,0,22846.276781613164,0.0,0.0,0.0,314.2654113769531,1.4535372858080409,100,8,0,0,0,0,0,0,0,0,15.1225,6.7,False,,Solar home system
5500903,0,0,1,0,0,22051.85610354121,0.0,0.0,0.0,895.9149169921875,2.1810103687545093,277,44,1,0,0,0,0,0,0,0,11.0425,20.297500000000003,False,,Solar home system
5500904,0,0,0,0,0,20811.287743588535,0.0,0.0,1629.654296875,234.9747314453125,2.198630185264928,80,12,0,0,0,0,0,0,0,0,16.947499999999998,2.1125,False,,Solar home system
5500905,0,1,1,0,0,18349.032036744054,0.0,0.0,1633.717529296875,418.944580078125,1.9692822302468471,137,13,1,0,0,0,0,0,0,1,19.2825,3.12,False,,Existing minigrid
5500906,0,0,0,0,0,15515.625235866419,0.0,0.0,1635.6580810546875,479.835205078125,1.9804763412687396,163,9,0,0,0,0,0,0,0,0,19.062500000000004,1.3125,False,,Solar home system
5500907,0,0,0,0,0,10842.971793125394,0.0,0.0,1639.9720458984375,0.0,2.0729391073464325,0,0,0,0,0,0,0,0,0,0,7.445,0.28,False,,Solar home system
5500908,0,1,1,0,0,11567.857853708816,0.0,0.0,1637.6187065972222,691.4891357421875,1.8608784131541878,236,16,1,0,0,0,0,0,0,1,9.445,0.995,False,,Existing minigrid
5501310,0,0,0,0,0,10171.774322745341,0.0,0.0,1610.2212357954545,286.52764892578125,3.5844615931159707,117,8,0,0,0,0,0,0,0,0,15.8125,0.0766666666666666,False,,Solar home system
5501311,0,0,0,0,0,6929.4553028733,0.0,0.0,1612.3756510416667,223.43264770507812,2.9181186618467088,120,17,0,0,0,0,0,0,0,0,18.576666666666664,0.2674999999999999,False,,Solar home system
5501312,0,0,0,0,0,4775.419183109483,0.0,0.0,1620.2488839285713,360.64727783203125,2.784118464157246,191,24,0,0,0,0,0,0,0,0,25.766666666666666,0.73,False,,Solar home system
5501313,0,0,0,0,0,14245.73473268254,0.0,0.0,1618.666232638889,442.1311340332031,4.019089199527624,241,14,0,0,0,0,0,1,0,2,17.282500000000002,0.0566666666666666,False,,Solar home system
5501314,0,0,0,0,0,18843.828851090762,0.0,0.0,0.0,54.19236755371094,2.5813565230488185,23,2,0,0,0,0,0,0,0,0,37.98333333333333,0.3149999999999999,False,,Solar home system
5501315,0,1,3,0,0,19584.850157638746,0.3995438814163208,1.3105624095992943,1604.3033482142857,1132.1478271484375,4.002122053966299,861,105,1,1,0,0,0,1,0,3,17.365,1.1225,False,,Existing minigrid
5501316,0,0,0,0,0,7963.349065541076,0.0,0.0,1624.632080078125,205.191650390625,2.612512477206992,151,21,0,0,0,0,0,0,0,0,27.766666666666666,4.57,False,,Solar home system
5501317,0,0,0,0,0,9105.750817145086,0.0,0.0,1623.4449462890625,151.6833038330078,3.14015931128904,96,2,0,0,0,0,0,0,0,0,25.34,0.145,False,,Solar home system
5501318,0,0,0,0,0,11051.279638084741,0.0,0.0,1619.09228515625,163.1333770751953,4.112718264421867,108,4,0,0,0,0,0,0,0,0,24.933333333333334,0.0633333333333333,False,,Solar home system
5501319,0,0,0,0,0,5801.62722369304,0.0,0.0,1625.9105224609375,305.6918029785156,2.500948978012656,196,22,0,0,0,0,0,0,0,0,26.683333333333337,0.8474999999999999,False,,Solar home system
5501320,0,0,0,0,0,7201.966913483136,0.4053511619567871,1.2920753935741451,1622.0753580729167,128.00013732910156,2.4551110619132475,71,3,0,0,0,0,0,0,0,0,22.01666666666667,0.1466666666666666,False,,Solar home system
5501321,0,0,0,0,0,9821.546812099172,0.0,0.0,1633.03271484375,90.03005981445312,2.8653165868309003,55,6,0,0,0,0,0,0,0,0,27.60666666666667,0.4566666666666667,False,,Solar home system
5501322,0,0,0,0,0,8708.994584610802,0.0,0.0,1627.0670572916667,207.68345642089844,2.5550420964805824,142,21,0,0,0,0,0,0,0,0,30.930000000000003,1.7233333333333334,False,,Solar home system
5501323,0,0,0,0,0,9104.37166759512,0.0,0.0,1630.4759765625,296.8843688964844,2.8152769639232553,123,14,0,0,0,0,0,0,0,0,36.81,1.1025,False,,Solar home system
5501324,1,0,1,0,0,10784.717551286052,0.0,0.0,1635.172154017857,371.2606201171875,2.8020984991804996,306,36,1,0,0,0,0,0,0,0,28.8,1.3725,False,,Candidate minigrid
5501325,0,0,0,1,0,4883.76109901283,0.0,0.0,1627.67578125,180.1151123046875,2.381426720932488,167,11,0,0,0,0,0,0,0,1,29.67333333333333,3.0825,False,,Grid extension
5501326,0,0,1,1,0,5542.274536207157,0.0,0.0,1636.246875,306.8695373535156,3.0384701588114753,241,19,1,0,0,0,0,0,0,0,29.590000000000003,1.0975,False,,Grid extension
5501327,0,0,0,0,0,488.1895306351591,0.0,0.0,0.0,0.0,2.966595721501176,0,0,0,0,0,0,0,0,0,0,49.785,0.0,False,,Solar home system
5501328,0,0,0,0,0,1254.4418214211062,0.0,0.0,0.0,0.0,3.071428060531616,0,0,0,0,0,0,0,0,0,0,100.0,0.0,False,,Solar home system
5501329,0,0,0,1,0,1955.5238684312262,0.0,0.0,1619.8836263020833,251.70016479492188,2.6147253648290096,151,15,0,0,0,0,0,0,0,0,22.5925,3.3,False,,Grid extension
5501330,0,0,0,0,1,2066.8241639510325,0.0,0.0,1625.9307725694443,803.48974609375,4.229645749059936,129,10,0,0,0,0,0,0,0,0,17.02,0.3075,True,"Lalak Forest Reserve, Lokung Forest Reserve",Existing grid
5501331,0,0,0,0,1,1584.4134980616518,0.0,0.0,1633.76337890625,134.7020263671875,3.7837259188101213,6,2,0,0,0,0,0,0,0,0,27.72666666666667,0.0,True,Lalak Forest Reserve,Existing grid
5501332,0,0,0,0,1,2292.411277425298,0.0,0.0,1638.073046875,340.7977294921875,4.652960936145779,76,3,0,0,0,0,0,0,0,0,12.843333333333334,0.6225,True,Lalak Forest Reserve,Existing grid
5501333,0,0,0,0,1,1063.113414827073,0.0,0.0,1639.72900390625,229.892333984375,3.456973019335321,20,1,0,0,0,0,0,0,0,1,24.22,0.6175,False,,Existing grid
5501334,0,0,0,1,0,3342.3701767671005,0.0,0.0,1636.279296875,1984.9791259765625,2.556228143405553,550,71,0,0,0,0,0,0,0,0,23.313333333333336,3.1575,False,,Grid extension
5501335,0,0,0,0,1,330.7777281441564,0.0,0.0,1636.137451171875,873.31494140625,2.3747807885021097,188,28,0,0,0,0,0,0,0,0,32.45333333333333,9.475,True,Lokung Forest Reserve,Existing grid
5501336,0,0,0,0,0,7676.63432854393,0.0,0.0,0.0,0.0,0.0,0,0,0,0,0,0,0,0,0,0,0.0,0.0,False,,Solar home system
5501337,1,0,1,1,0,2972.6466485937326,0.0,0.0,1638.986328125,1076.6708984375,2.890833452902455,242,35,0,1,0,0,0,0,0,1,24.9625,1.215,True,Lokung Forest Reserve,Grid extension
5501338,0,0,0,0,1,533.0991039471813,0.0,0.0,1651.0213623046875,508.54315185546875,3.861660839854076,231,11,0,0,0,0,0,0,0,2,22.986666666666665,2.276666666666667,False,,Existing grid
5501339,0,0,0,0,0,7258.825018369979,0.0,0.0,1661.3257211538462,832.332275390625,2.875079010260953,305,42,0,0,0,0,0,0,0,3,24.05,0.43,True,Aram Forest Reserve,Solar home system
5501340,0,0,1,0,0,4591.870872722171,0.0,0.0,1664.30712890625,338.47412109375,2.469412452405415,129,31,1,0,0,0,0,0,0,0,18.7575,0.8775,False,,Solar home system
5501341,0,0,0,0,0,5924.193843306263,0.0,0.0,1657.3828125,72.01033782958984,2.3297583468740326,20,2,0,0,0,0,0,0,0,0,16.516666666666666,0.1033333333333333,False,,Solar home system
5501342,0,0,0,1,0,1487.4405958607538,0.0,0.0,1669.740478515625,442.4868469238281,2.4518527649598094,240,42,0,0,0,0,0,0,0,0,54.56666666666667,3.4725,True,Paonyeme Forest Reserve,Grid extension
5501343,0,0,0,1,0,2961.601160260593,0.0,0.0,1664.8094075520833,198.05831909179688,2.6910763935135855,112,24,0,0,0,0,0,0,0,0,36.71666666666666,0.8324999999999999,True,Paonyeme Forest Reserve,Grid extension
5501561,0,1,1,0,0,9364.08221279344,0.0,0.0,1684.6577919407894,742.5006713867188,2.1096190056141952,230,46,1,0,0,0,0,0,0,8,8.192499999999999,0.4275,False,,Existing minigrid
5501627,0,0,0,0,0,1444.3639842609473,0.0,0.0,1678.2904829545455,544.3863525390625,1.962177189465096,306,43,0,0,0,0,0,0,0,3,30.8325,0.6925,False,,Solar home system
5502037,1,0,2,0,0,21144.438178688088,0.4160136878490448,1.4464860216725424,1688.0299556213017,1170.2891845703125,2.8006687090867106,374,63,0,0,0,0,0,0,0,25,4.8975,0.1075,False,,Candidate minigrid
5502847,0,0,1,0,0,16578.083460896134,0.39692288637161255,1.177323611500354,1576.670932112069,248.65255737304688,5.280533694683931,12,1,0,0,0,0,0,0,0,1,3.92,0.2075,True,Agoro - Agu Forest Reserve,Solar home system
5502848,0,1,0,0,0,5402.7745771817445,0.0,0.0,1667.06201171875,704.8208618164062,2.5418618877282304,408,55,0,0,0,0,0,0,0,0,13.716666666666669,2.275,True,Aram Forest Reserve,Existing minigrid
5502849,1,0,0,1,0,2363.6893753884165,0.0,0.0,1661.1570870535713,496.7427673339844,2.362702109397469,247,33,0,0,0,0,0,0,0,4,17.624999999999996,3.53,False,,Grid extension
5502850,0,0,0,0,0,21074.350761958733,0.0,0.0,1610.533203125,370.26300048828125,2.3095453024024652,199,23,0,0,0,0,0,0,0,0,18.99,3.106666666666667,True,Lamwo Forest Reserve,Solar home system
5502851,0,1,1,0,0,26030.413974896004,0.0,0.0,1673.57568359375,195.53082275390625,2.613721103288593,183,31,1,0,0,0,0,2,0,3,8.89,1.2875,True,Achwa River Forest Reserve,Existing minigrid
5502852,0,0,0,0,0,4434.708742647747,0.0,0.0,1653.3041015625,95.88790893554688,1.844456088912045,20,2,0,0,0,0,0,0,0,0,13.633333333333333,0.125,False,,Solar home system
5502853,0,0,0,0,0,12553.812131734208,0.0,0.0,1683.3511029411766,301.02398681640625,2.188699742519817,91,19,0,0,0,0,0,0,0,2,10.536666666666669,0.1899999999999999,False,,Solar home system
5502854,0,0,1,0,0,16312.605374943398,0.0,0.0,1688.7333984375,282.75689697265625,2.085357515187397,182,39,1,0,0,0,0,0,0,0,6.96,0.3825,False,,Solar home system
5502855,0,0,0,0,0,9845.294795727716,0.42494773864746094,1.388686611610336,1682.341552734375,181.44107055664062,2.1939595445736435,69,15,0,0,0,0,0,0,0,3,7.876666666666668,0.0966666666666666,False,,Solar home system
5502856,0,0,0,0,0,12352.767671648484,0.0,0.0,1685.8277698863637,183.07501220703125,2.059007668102367,109,13,0,0,0,0,0,0,0,0,13.509999999999998,0.09,False,,Solar home system
5502857,0,0,0,0,0,16679.60018186319,0.0,0.0,1687.4783266129032,379.10418701171875,2.2765916250861578,248,45,0,0,0,0,0,0,0,3,8.399999999999999,0.1425,False,,Solar home system
5502858,1,0,0,0,0,11763.1708601678,0.0,0.0,1679.942471590909,736.493896484375,2.4483445323004824,108,24,0,0,0,0,0,0,0,5,4.34,0.065,False,,Candidate minigrid
5502859,0,0,1,0,0,14166.210478972785,0.0,0.0,1675.2864925986842,258.17987060546875,2.5524846805287797,635,33,1,0,0,0,0,0,0,11,9.6325,0.655,False,,Solar home system
5502860,0,0,0,0,0,10213.168897399904,0.0,0.0,1675.5610977564102,647.2943115234375,2.985503704709687,193,22,0,0,0,0,0,0,0,2,5.71,0.35,False,,Solar home system
5502861,0,0,0,0,0,12598.64281242652,0.45619869232177734,1.4174245768960407,1675.20078125,418.30792236328125,2.874320301198595,877,37,0,0,0,0,0,0,0,0,6.5925,0.9425,False,,Solar home system
5502862,0,0,2,0,0,6734.5398957131,0.4320642054080963,1.4335422972243521,1675.219140625,269.3108215332031,2.8646435215997097,55,18,1,1,0,0,0,0,0,6,11.3625,1.0975,False,,Solar home system
5502863,0,0,0,0,0,2966.4131641823187,0.0,0.0,1674.2629825367646,617.786865234375,2.7421285745292745,462,83,0,0,0,0,0,0,0,0,19.37,0.745,False,,Solar home system
5502864,0,0,0,0,0,6292.4458365240225,0.0,0.0,1676.0958984375,185.75209045410156,2.991627238148251,6,1,0,0,0,0,0,0,0,2,18.093333333333334,0.15,False,,Solar home system
5502865,0,0,0,0,0,2951.9750459210395,0.0,0.0,0.0,0.0,0.0,0,0,0,0,0,0,0,0,0,0,0.0,0.0,False,,Solar home system
5502866,0,0,1,1,1,3.651883974150238,0.0,0.0,1670.2880859375,677.7962646484375,2.3059781049419077,573,79,1,0,0,0,0,0,0,2,12.365,1.15,False,,Grid extension
5502867,0,0,1,1,1,1369.879482797016,0.0,0.0,1669.1643629807693,648.5040283203125,2.305097308055537,661,103,1,0,0,0,0,0,0,1,14.7425,1.0466666666666666,False,,Grid extension
5502868,2,0,1,0,0,2635.603818638942,0.0,0.0,1668.3401692708333,400.8279113769531,2.624646969990221,208,42,1,0,0,0,0,0,0,24,20.3,0.6366666666666666,False,,Candidate minigrid
5502869,0,0,0,0,0,2882.823196883375,0.0,0.0,1676.091579861111,310.8270568847656,2.2434531078656166,85,18,0,0,0,0,0,0,0,0,10.777500000000002,0.1566666666666666,False,,Solar home system
5502870,0,0,0,0,1,76.43868625384532,0.0,0.0,1673.453884548611,412.5473937988281,2.1481092997482487,344,61,0,0,0,0,0,0,0,0,17.130000000000003,0.4275,False,,Existing grid
5502871,0,0,0,0,0,6812.970824064482,0.0,0.0,1676.6619140625,421.8048095703125,2.538625810969817,111,16,0,0,0,0,0,0,0,0,12.26,0.25,False,,Solar home system
5502872,0,0,1,0,0,6333.34050917297,0.0,0.0,1678.408203125,488.3569641113281,2.4280203474813433,122,34,1,0,0,0,0,0,0,1,11.276666666666667,0.7225,False,,Solar home system
5502873,0,0,0,0,0,8683.61988785093,0.0,0.0,1679.510986328125,250.9439697265625,2.5323425325765716,60,10,0,0,0,0,0,0,0,0,11.676666666666668,0.2266666666666666,False,,Solar home system
5502874,0,0,0,0,0,1019.857242910488,0.0,0.0,1677.22802734375,298.4967956542969,2.21247248736053,172,34,0,0,0,0,0,0,0,0,12.949999999999998,3.22,False,,Solar home system
5502875,0,0,0,0,0,2444.6007038597095,0.0,0.0,1672.75390625,299.2125244140625,2.7975034001401777,257,27,0,0,0,0,0,0,0,3,15.089999999999998,0.2525,False,,Solar home system
5502876,0,0,2,0,0,188.66918292235445,0.0,0.0,1677.7760009765625,455.63470458984375,2.083778673537234,279,77,1,1,0,0,0,0,0,0,9.815,17.4275,False,,Solar home system
5502877,0,0,2,0,1,687.2825639761728,0.0,0.0,1676.13232421875,887.4530639648438,2.0334501782846437,568,142,1,1,0,0,0,0,0,0,9.035,14.395,False,,Existing grid
5502878,0,0,0,0,1,233.10240404631958,0.0,0.0,1676.4716796875,436.69659423828125,2.2543515615164296,185,32,0,0,0,0,0,0,0,2,7.585,0.635,False,,Existing grid
5502882,0,0,1,0,0,4489.930340451211,0.41755229234695435,1.399479974847854,1678.323828125,418.3262939453125,2.336296180057389,82,15,1,0,0,0,0,0,0,0,7.2799999999999985,0.1566666666666667,False,,Solar home system
5502883,0,0,0,0,0,3961.860045694224,0.0,0.0,1679.4194504310344,459.9412841796875,2.3354391102602374,79,9,0,0,0,0,0,0,0,0,5.5925,0.0625,False,,Solar home system
5502884,0,0,1,0,1,999.7685590751804,0.0,0.0,1677.7008272058824,488.406982421875,2.206817137844583,276,63,1,0,0,0,0,0,0,0,2.975,0.7200000000000001,False,,Existing grid
5502885,0,0,0,0,0,20294.607558678403,0.3969835638999939,1.4179281455822683,1641.6409801136363,89.285400390625,2.4543599904233377,28,1,0,0,0,0,0,0,0,4,3.0575,0.005,False,,Solar home system
5502886,0,0,0,0,0,14132.140179599957,0.0,0.0,1647.277622767857,15.624794960021973,2.5582868000693524,5,0,0,0,0,0,0,0,0,1,9.615,0.0,False,,Solar home system
5502887,0,2,1,0,0,15392.790856278056,0.0,0.0,1651.0763020833333,442.4783935546875,2.3410806122530783,501,34,1,0,0,0,0,0,1,0,7.5175,0.9575,False,,Existing minigrid
5502888,1,0,0,0,0,10302.989782866729,0.0,0.0,1652.68017578125,211.38616943359375,2.476921998405577,268,30,0,0,0,0,0,0,0,24,9.8875,0.1033333333333333,False,,Candidate minigrid
5502889,0,0,0,0,0,16920.469484620382,0.0,0.0,1648.0079900568182,8.098613739013672,2.2982551605733197,10,0,0,0,0,0,0,0,0,0,7.157500000000001,0.0,False,,Solar home system
5502890,0,0,0,0,0,25780.307712685357,0.0,0.0,1644.8066789215686,205.5237579345703,2.2018716492728747,204,8,0,0,0,0,0,0,0,6,7.0725,0.26,False,,Solar home system
5502891,0,0,0,0,0,15990.411157817141,0.0,0.0,1653.263454861111,335.4664306640625,2.2997214103717027,443,47,0,0,0,0,0,0,0,4,12.577500000000002,0.5625,False,,Solar home system
5502892,1,0,0,0,0,25151.68721848826,0.39178645610809326,1.4138227290884322,1651.1540625,351.2777099609375,2.2002822295023905,262,15,0,0,0,0,0,0,0,2,10.815,0.045,False,,Candidate minigrid
5502893,0,0,0,0,0,14229.288136023399,0.0,0.0,1651.2950439453125,3.365739345550537,2.29944877267008,7,0,0,0,0,0,0,0,0,0,13.25,0.0,False,,Solar home system
5502894,0,0,0,0,0,12713.075966150214,0.0,0.0,1653.12158203125,2.02449369430542,2.4130402829247433,6,0,0,0,0,0,0,0,0,0,17.47,0.0,False,,Solar home system
5502895,0,0,0,0,0,12408.427193232772,0.0,0.0,0.0,0.0,0.0,0,0,0,0,0,0,0,0,0,0,100.0,0.0,False,,Solar home system
5502896,0,0,0,0,0,34213.01698081708,0.3986186683177948,1.4020500964974336,1655.8311011904761,245.0271453857422,2.632205298371396,120,6,0,0,0,0,0,0,0,1,14.055,0.0033333333333333,False,,Solar home system
5502897,0,0,0,0,0,12429.767711666329,0.0,0.0,0.0,0.0,1.7663025856018066,0,0,0,0,0,0,0,0,0,0,100.0,0.0,False,,Solar home system
5502898,2,0,1,0,0,11628.618090164024,0.39717549085617065,1.4179281455822683,1656.500244140625,145.07070922851562,2.2344837990223567,362,48,1,0,0,0,0,0,0,3,16.92,2.4325,False,,Candidate minigrid
5502899,1,0,0,0,0,10449.317439290755,0.0,0.0,1659.0698939732142,198.64996337890625,2.3035143826669695,279,21,0,0,0,0,0,0,0,1,22.293333333333333,0.4166666666666667,False,,Candidate minigrid
5502900,1,0,0,0,0,9183.707058740138,0.0,0.0,1656.40869140625,85.30552673339844,2.373339589617341,111,14,0,0,0,0,0,0,0,4,14.99,0.4933333333333333,False,,Candidate minigrid
5502901,2,0,0,0,0,12859.74886897947,0.0,0.0,1662.1158447265625,371.15814208984375,2.448926995987894,1450,40,0,0,0,0,0,0,0,3,15.7275,1.5675,False,,Candidate minigrid
5502902,1,0,1,0,0,29316.98556614855,0.41559112071990967,1.3902774639064348,1663.0681928294573,300.7466735839844,2.5773927147453835,235,11,1,0,0,0,0,0,0,7,15.8075,0.04,True,Achwa River Forest Reserve,Candidate minigrid
5502903,0,0,0,0,0,17353.02406801723,0.0,0.0,1662.7507102272727,145.6136474609375,2.391554862377056,132,9,0,0,0,0,0,0,1,4,14.29,0.2833333333333334,False,,Solar home system
5502904,0,0,0,0,0,28902.830953384608,0.4392278492450714,1.3907291114746119,1667.6877083333334,90.70909118652344,2.288780174420687,4,1,0,0,0,0,0,0,0,6,13.735,0.005,True,Achwa River Forest Reserve,Solar home system
5502905,2,1,2,0,0,10469.208499794133,0.0,0.0,1663.330078125,1118.6168212890625,2.533471471451078,2746,199,1,1,0,0,0,0,0,1,14.095,6.279999999999999,False,,Candidate minigrid
5502906,1,0,1,0,0,7038.2622737244665,0.0,0.0,1659.556919642857,269.9530029296875,2.3108018726500714,426,75,1,0,0,0,0,3,0,3,15.7,0.8575,False,,Candidate minigrid
5502907,0,0,0,0,0,31195.01590017864,0.0,0.0,1627.5904513888888,149.12013244628906,2.155229901572942,379,74,0,0,0,0,0,0,0,0,17.107499999999998,0.0425,False,,Solar home system
5502908,0,0,1,0,0,35199.892744186654,0.3800138831138611,1.3479242688327004,1639.2394425675675,128.4748992919922,2.4825161379306047,154,6,0,0,0,0,0,0,0,4,14.240000000000002,0.0225,False,,Solar home system
5502909,1,0,1,0,0,6498.996793570018,0.0,0.0,1657.034877232143,350.22845458984375,2.453001038911976,277,32,1,0,0,0,0,0,0,0,12.046666666666669,0.5275,False,,Candidate minigrid
5502910,0,0,0,0,0,3470.8595308014787,0.0,0.0,1662.6585286458333,251.62966918945312,2.3217122239558328,187,27,0,0,0,0,0,1,0,0,7.166666666666667,0.215,False,,Solar home system
5502911,0,0,0,0,0,8361.647579627908,0.4065340757369995,1.4767089960537167,1651.1125,588.6734619140625,2.8493369292724555,364,33,0,0,0,0,0,0,0,1,12.655,0.3775,False,,Solar home system
5502912,0,0,0,0,0,8514.995510684363,0.0,0.0,1669.6983173076924,267.5997314453125,2.9753684887001297,188,14,0,0,0,0,0,0,0,4,10.795,0.3425,False,,Solar home system
5502913,0,0,0,0,0,2491.879282458316,0.0,0.0,1662.800537109375,266.9949951171875,2.424071714793808,162,15,0,0,0,0,0,0,0,7,17.46,0.4533333333333333,False,,Solar home system
5502914,0,0,2,0,1,1633.1938670625032,0.0,0.0,1664.7640380859375,733.2503662109375,2.4809918515242244,400,100,2,0,0,0,0,0,0,9,6.57,2.325,False,,Existing grid
5502915,0,0,0,0,0,7484.651547653771,0.0,0.0,1639.9946732954545,431.50115966796875,1.7076575127357108,276,43,0,0,0,0,0,0,0,0,15.3525,0.3625,False,,Solar home system
5502916,0,1,0,0,0,13212.150169464165,0.0,0.0,1632.723858173077,719.8642578125,2.1073941661115514,172,15,0,0,0,0,0,0,0,2,16.675,0.6175,True,Agoro - Agu Forest Reserve,Existing minigrid
5502917,0,0,0,0,0,1518.2986658015648,0.0,0.0,0.0,0.0,0.0,0,0,0,0,0,0,0,0,0,0,45.45,0.0,False,,Solar home system
5502918,0,0,0,0,0,3840.866405533302,0.0,0.0,1663.0238715277778,318.3272705078125,2.4154062969946226,229,22,0,0,0,0,0,0,0,3,10.843333333333334,0.1333333333333333,False,,Solar home system
5502919,0,0,1,0,0,5502.105398114861,0.0,0.0,1668.4618675595239,601.1865234375,2.7435948347231087,423,32,1,0,0,0,0,0,0,1,10.966666666666669,1.1875,False,,Solar home system
5502920,0,2,2,0,0,20216.984465488502,0.43975529074668884,1.401940728528417,1666.0834603658536,2407.47900390625,2.637117978602389,3411,362,1,1,0,0,0,1,0,26,9.4575,3.645,False,,Existing minigrid
5502921,1,1,0,0,0,21889.604077054024,0.0,0.0,1676.2401785714285,2538.37109375,3.1162141693670713,4108,166,0,0,0,0,0,0,0,37,5.125,1.1925,True,Achwa River Forest Reserve,Candidate minigrid
5502922,1,0,0,0,0,18963.864477058793,0.43555450439453125,1.3999615752199077,1678.9549632352941,2625.1767578125,2.869176607841204,3692,130,0,0,0,0,0,0,0,32,5.1225000000000005,0.4925,False,,Candidate minigrid
5502923,0,0,0,0,0,2147.345131870186,0.0,0.0,1655.4175502232142,185.0543975830078,1.7495633316694361,8,4,0,0,0,0,0,0,0,0,18.966666666666665,0.3499999999999999,False,,Solar home system
5502924,0,0,0,0,1,1391.174780502544,0.0,0.0,1655.970703125,133.1496124267578,1.8473089382259666,28,0,0,0,0,0,0,0,0,6,15.695,0.02,False,,Existing grid
5502925,0,0,2,0,1,93.85596355568636,0.0,0.0,1655.556640625,336.4463806152344,1.991539318340655,121,10,1,1,0,0,0,0,0,0,14.935,1.4625,False,,Existing grid
5502926,0,0,0,0,1,2686.442256624929,0.0,0.0,1657.504296875,517.3682250976562,1.643567499222461,191,19,0,0,0,0,0,0,0,0,21.02333333333333,1.4375,False,,Existing grid
5502927,0,0,0,0,0,8260.524312774049,0.0,0.0,1656.595953525641,876.9207763671875,1.7022128546722946,206,15,0,0,0,0,0,0,0,0,5.0525,0.16,False,,Solar home system
5502928,0,0,0,0,0,3896.4407603305967,0.3664396405220032,1.2562653039070313,1654.874609375,566.7067260742188,1.8083939407890228,161,23,0,0,0,0,0,0,0,0,7.99,1.1333333333333333,False,,Solar home system
5502929,0,0,0,0,0,5490.044315572408,0.0,0.0,1654.728515625,553.783447265625,1.671365924638081,214,21,0,0,0,0,0,0,0,0,7.722499999999999,2.775,False,,Solar home system
5502930,0,0,0,0,0,11091.033239856493,0.382331520318985,1.2936777405825097,1655.5003004807693,475.00665283203125,1.4844779884223618,49,4,0,0,0,0,0,0,0,1,5.4325,0.0424999999999999,False,,Solar home system
5502931,0,0,1,0,0,14279.682964675902,0.0,0.0,1619.7376953125,275.3260498046875,1.916558566877736,119,17,1,0,0,0,0,0,0,1,18.6975,0.8775000000000001,False,,Solar home system
5502932,1,0,0,0,0,11011.953569706968,0.0,0.0,1650.405029296875,687.2334594726562,1.7353764314160511,160,36,0,0,0,0,0,0,0,2,14.6175,0.1974999999999999,False,,Candidate minigrid
5502933,0,0,0,0,0,12393.901545428873,0.0,0.0,1629.44091796875,192.9474639892578,2.138268281185425,12,2,0,0,0,0,0,0,0,0,22.88,0.0,False,,Solar home system
5502934,0,0,0,0,0,14398.00572092569,0.0,0.0,1637.1934442934783,868.853271484375,1.7631587573724419,308,68,0,0,0,0,0,0,0,0,25.89333333333333,1.25,False,,Solar home system
5502935,0,1,0,0,0,15190.964680977775,0.0,0.0,1647.6427734375,602.4310302734375,1.7567426253892349,254,62,0,0,0,0,0,0,0,1,20.993333333333336,6.1275,False,,Existing minigrid
5502936,0,0,1,0,0,13666.713615119572,0.0,0.0,1643.113671875,113.6054458618164,1.6677959083511107,68,6,0,1,0,0,0,0,0,0,13.5075,0.9366666666666666,False,,Solar home system
5502937,0,0,0,0,0,15794.729323134441,0.0,0.0,1643.86865234375,392.31317138671875,1.66352587890625,198,33,0,0,0,0,0,0,0,2,19.363333333333333,3.485,False,,Solar home system
5502938,1,0,0,0,0,15222.694516645652,0.0,0.0,1645.634033203125,228.81930541992188,1.789079071969697,125,22,0,0,0,0,0,0,0,1,24.326666666666668,4.725,False,,Candidate minigrid
5502939,0,1,2,0,0,15287.267330725957,0.0,0.0,1646.9119873046875,753.5692138671875,1.349000611940065,430,166,2,0,0,0,0,0,0,1,11.4025,30.0225,False,,Existing minigrid
5502940,0,0,0,0,0,16514.136890519247,0.0,0.0,1620.411349826389,395.204345703125,3.0225207401741585,135,16,0,0,0,0,0,0,0,0,10.5225,0.06,True,Lamwo Forest Reserve,Solar home system
5502941,1,0,0,0,0,17082.000416923995,0.0,0.0,1636.2103515625,467.2109375,1.9873624181245335,203,43,0,0,0,0,0,0,0,1,20.825,1.093333333333333,True,Lamwo Forest Reserve,Candidate minigrid
5502942,1,0,1,0,0,13336.951822745279,0.0,0.0,1652.6768002717392,355.3428039550781,1.6787002459297864,145,25,1,0,0,0,0,0,0,0,11.795,0.615,False,,Candidate minigrid
5502943,0,0,1,0,0,18541.110231682913,0.0,0.0,1620.6141493055557,513.2879638671875,1.9032998025285557,246,41,1,0,0,0,0,0,1,1,19.4075,0.955,False,,Solar home system
5502944,1,0,0,0,0,17305.73017681107,0.33404240012168884,1.2333203595806714,1632.2212456597222,354.5379943847656,1.9097313408109169,134,16,0,0,0,0,0,0,0,0,20.077500000000004,0.96,True,Lamwo Forest Reserve,Candidate minigrid
5502945,0,0,0,0,0,14098.394555122346,0.0,0.0,1636.177951388889,393.093994140625,1.6638868047546655,98,5,0,0,0,0,0,0,0,1,19.1725,0.1166666666666666,False,,Solar home system
5502946,0,0,0,0,0,17614.563070216034,0.0,0.0,1634.8589564732142,238.45025634765625,1.8933878777153732,96,18,0,0,0,0,0,0,0,0,19.4,0.97,True,Lamwo Forest Reserve,Solar home system
5502947,0,0,0,0,0,19220.860096229444,0.0,0.0,1628.7280970982142,6.90259313583374,7.137970081588161,0,0,0,0,0,0,0,0,0,0,1.01,0.14,True,Lamwo Forest Reserve,Solar home system
5502948,0,0,0,0,0,12507.732677639644,0.0,0.0,1645.451171875,424.1004333496094,1.879468074559713,138,35,0,0,0,0,0,0,0,0,19.273333333333333,3.7125,False,,Solar home system
5502949,0,0,0,0,0,12116.814684608857,0.0,0.0,1642.5537760416667,445.56005859375,1.7654957793874408,140,8,0,0,0,0,0,0,0,0,18.9125,1.38,False,,Solar home system
5502950,0,0,0,0,0,13275.87831799327,0.0,0.0,1648.373046875,213.13729858398438,1.7951171154555514,109,13,0,0,0,0,0,0,0,0,5.5625,3.86,False,,Solar home system
5502951,0,0,0,0,0,13750.98652557476,0.0,0.0,1648.581752232143,283.0093078613281,1.8913209597188536,133,28,0,0,0,0,0,0,0,0,10.2,0.6966666666666667,False,,Solar home system
5502952,1,0,0,0,0,11351.883937545777,0.0,0.0,1646.6077473958333,472.865966796875,1.7338609487668764,236,20,0,0,0,0,0,0,0,0,24.46333333333333,2.4725,False,,Candidate minigrid
5502953,1,0,0,0,0,11537.067732073203,0.0,0.0,1657.5045138888888,601.5194091796875,1.7366770991183358,165,21,0,0,0,0,0,0,0,5,15.625,0.2925,False,,Candidate minigrid
5502954,1,0,1,0,0,11124.35928938896,0.0,0.0,1660.436740451389,554.840087890625,1.7362248670810243,199,29,1,0,0,0,0,0,0,22,13.3025,0.35,False,,Candidate minigrid
5502955,1,0,0,0,0,6164.119209623147,0.0,0.0,1656.682861328125,314.03912353515625,1.8314125549718008,52,7,0,0,0,0,0,0,0,2,16.073333333333334,0.58,False,,Candidate minigrid
5502956,1,0,0,1,0,2427.096444816654,0.0,0.0,1671.384033203125,369.38385009765625,1.8000497618261702,137,31,0,0,0,0,0,0,0,0,39.1175,2.1875,False,,Grid extension
5502957,0,0,0,1,0,1331.0763464495665,0.0,0.0,1670.3797607421875,488.3497009277344,1.8590216238548825,167,34,0,0,0,0,0,0,0,0,30.0475,2.3575,False,,Grid extension
5502958,0,0,0,0,0,3955.0265463910887,0.0,0.0,1667.4876302083333,111.48431396484375,1.9424099027509247,41,4,0,0,0,0,0,0,0,0,34.57666666666667,2.5666666666666664,False,,Solar home system
5502959,0,0,0,0,0,4071.14044302268,0.0,0.0,1670.7265625,83.50792694091797,1.9793589172127988,25,5,0,0,0,0,0,0,0,0,36.053333333333335,0.505,False,,Solar home system
5502960,0,0,0,0,0,5057.264379641373,0.0,0.0,1673.0640625,392.234375,1.9966978818193515,210,50,0,0,0,0,0,0,0,2,28.397500000000004,2.8725,False,,Solar home system
5502961,0,0,0,1,0,3082.4577350466484,0.0,0.0,1676.132568359375,223.85452270507812,1.890860480395576,150,21,0,0,0,0,0,0,0,2,38.06,3.7125,False,,Grid extension
5502962,0,1,0,0,0,5200.448499901103,0.0,0.0,1661.065673828125,300.35186767578125,1.8579018266083014,105,10,0,0,0,0,0,0,0,0,25.1825,3.5825,False,,Existing minigrid
5502963,0,0,0,0,0,5298.507093133705,0.0,0.0,0.0,0.0,0.0,0,0,0,0,0,0,0,0,0,0,0.0,64.89999999999999,False,,Solar home system
5502964,0,0,0,0,0,6682.667437254656,0.0,0.0,1657.68701171875,221.90725708007812,1.8097444170899488,51,4,0,0,0,0,0,0,0,0,20.16,0.6466666666666666,False,,Solar home system
5502965,0,0,0,0,0,4472.353954962744,0.0,0.0,1662.846435546875,515.049072265625,1.897163003177966,122,20,0,0,0,0,0,0,0,5,27.3575,1.13,False,,Solar home system
5502966,0,0,0,0,0,6846.223641538527,0.0,0.0,1662.6180013020833,14.680286407470703,1.7791067251701125,8,3,0,0,0,0,0,0,0,0,25.910000000000004,0.47,False,,Solar home system
5502967,0,0,1,0,0,5641.14910797061,0.0,0.0,1663.4008091517858,248.36593627929688,1.8403761139521837,109,31,0,1,0,0,0,0,0,0,23.3175,1.58,False,,Solar home system
5502968,0,0,0,0,0,6455.215592417772,0.0,0.0,0.0,0.0,1.6126941442489624,0,0,0,0,0,0,0,0,0,0,59.64,0.0,False,,Solar home system
5502969,0,0,0,0,0,8649.916158506163,0.3683911859989166,1.3649976128266912,1668.867947048611,164.2866668701172,1.7007501957939606,70,14,0,0,0,0,0,0,0,0,14.74,0.64,False,,Solar home system
5502970,0,0,0,0,0,9704.593794819395,0.0,0.0,1666.855078125,214.0299530029297,1.7592210007581501,77,12,0,0,0,0,0,0,0,0,12.066666666666668,0.52,False,,Solar home system
5502971,0,0,0,0,0,7586.314286008992,0.0,0.0,1663.16552734375,47.20069122314453,1.8300668326491674,23,4,0,0,0,0,0,0,0,0,16.787499999999998,1.2966666666666666,False,,Solar home system
5502972,0,0,0,0,0,6945.6962851117305,0.0,0.0,1670.4506293402778,400.6759948730469,1.9916584769430326,208,45,0,0,0,0,0,0,0,5,16.86,1.04,False,,Solar home system
5502973,0,0,0,0,0,2853.279287534713,0.0,0.0,1666.4530029296875,64.41010284423828,1.9530807767708767,17,2,0,0,0,0,0,0,0,0,14.446666666666664,0.1166666666666666,False,,Solar home system
5502974,0,0,1,0,0,5303.425795588991,0.0,0.0,1665.996826171875,413.82659912109375,1.9374492981094809,169,66,1,0,0,0,0,0,0,3,15.925,4.1225000000000005,False,,Solar home system
5502975,0,0,0,0,0,4027.408423201606,0.0,0.0,1664.81005859375,128.76158142089844,1.9382868039099526,64,10,0,0,0,0,0,0,0,0,13.9075,1.6575,False,,Solar home system
5502976,0,0,0,1,0,2071.3196581758234,0.0,0.0,1663.3485107421875,132.34271240234375,2.2527668453352585,72,8,0,0,0,0,0,0,0,2,22.543333333333337,2.41,False,,Grid extension
5502979,0,0,0,0,0,10523.91337512525,0.0,0.0,1648.9879954268292,216.1398468017578,3.3655769621321,39,3,0,0,0,0,0,0,0,0,9.9675,0.0066666666666666,False,,Solar home system
5502980,0,1,1,0,0,7716.974050182477,0.0,0.0,1650.3618706597222,708.89208984375,3.0294857706285185,178,39,0,1,0,0,0,0,0,6,13.246666666666664,1.1725,False,,Existing minigrid
5502981,1,0,0,0,0,5754.792027393446,0.0,0.0,1653.7060546875,379.41986083984375,2.872279442330948,144,15,0,0,0,0,0,0,1,0,20.9,0.8325,False,,Candidate minigrid
5502982,0,0,0,0,0,9583.135366791468,0.0,0.0,1648.4342447916667,467.99981689453125,2.8677717828935756,90,8,0,0,0,0,0,0,0,0,10.33,0.8266666666666665,False,,Solar home system
5502983,0,0,1,1,0,6168.668923659726,0.0,0.0,1660.71875,384.4611511230469,2.990405627647112,162,28,1,0,0,0,0,0,0,1,13.093333333333334,0.9975,False,,Grid extension
5502984,0,0,0,0,0,6967.046790553348,0.0,0.0,1656.1764914772727,384.3478088378906,3.2172590845418587,100,11,0,0,0,0,0,0,0,0,16.053333333333335,0.79,False,,Solar home system
5502985,1,0,1,1,0,10781.260892796308,0.0,0.0,1658.05224609375,328.974609375,3.3611775655659377,122,30,1,0,0,0,0,0,0,3,19.98333333333333,1.205,False,,Grid extension
5502986,0,0,0,1,0,9589.750452321205,0.0,0.0,1657.1597222222222,354.8873291015625,3.209731473887214,94,18,0,0,0,0,0,0,0,2,20.02,0.125,False,,Grid extension
5502987,0,0,1,0,0,7970.620440946023,0.0,0.0,1652.0255859375,234.56338500976562,2.5236879006410255,102,19,1,0,0,0,0,0,0,8,24.53,1.0875,False,,Solar home system
5502988,0,0,1,0,0,23285.433211285057,0.41830646991729736,1.364142377860684,1620.5577787769785,646.405029296875,2.813184981931201,249,24,0,1,0,0,0,0,0,5,6.1175,0.0375,False,,Solar home system
5502989,0,0,0,0,0,13559.534473808364,0.0,0.0,1642.7117919921875,184.95053100585938,2.4289438598658903,96,11,0,0,0,0,0,0,1,0,7.275,0.3966666666666666,False,,Solar home system
5502990,0,0,0,0,0,15064.10887698354,0.0,0.0,1638.5116102430557,248.06590270996094,2.7584263544882854,159,9,0,0,0,0,0,0,0,3,10.023333333333332,0.52,False,,Solar home system
5502991,0,1,1,0,0,11693.644213642077,0.38076430559158325,1.4767089960537167,1644.8250558035713,580.752197265625,2.8492203062749004,290,52,1,0,0,0,0,0,1,1,13.405,2.54,False,,Existing minigrid
5502992,0,0,1,0,0,3850.230758825138,0.0,0.0,1662.9830322265625,388.1865234375,1.8676388711008651,144,28,1,0,0,0,0,0,0,0,14.6975,6.175,False,,Solar home system
5502993,0,0,1,0,0,5594.328653271327,0.0,0.0,1645.0860595703125,734.8958740234375,2.0575090296128216,328,29,1,0,0,0,0,0,0,1,13.1525,22.5525,False,,Solar home system
5502994,0,0,0,0,0,6373.129358362677,0.0,0.0,1634.5199497767858,524.135009765625,3.414716643436391,155,18,0,0,0,0,0,0,0,0,11.945,0.1725,True,Lalak Forest Reserve,Solar home system
5502995,0,0,1,0,0,8422.348956211037,0.0,0.0,1637.3113839285713,292.1105651855469,2.4879852639161353,138,12,0,1,0,0,0,0,0,0,37.365,1.2174999999999998,False,,Solar home system
5502996,0,0,0,0,0,6356.349865529585,0.0,0.0,1645.81640625,207.18238830566406,2.1498501192034407,98,5,0,0,0,0,0,0,0,0,25.33333333333333,0.7825,False,,Solar home system
5502997,0,0,0,0,0,9725.05664063333,0.0,0.0,1640.3986002604167,277.4186096191406,2.1636273638960986,35,1,0,0,0,0,0,0,0,1,14.1225,0.045,False,,Solar home system
5502998,0,0,0,0,0,5796.96057612345,0.0,0.0,1656.95703125,152.25477600097656,2.0014439790796907,42,8,0,0,0,0,0,0,0,0,28.52,3.216666666666667,False,,Solar home system
5502999,0,0,0,0,0,6303.988038861985,0.0,0.0,1654.58203125,10.234853744506836,1.91229343759424,0,0,0,0,0,0,0,0,0,0,29.25333333333333,0.08,False,,Solar home system
5503000,0,1,2,0,0,8921.415829329806,0.0,0.0,1649.306712962963,734.2406616210938,1.8655446991047746,111,14,1,0,0,0,0,0,0,1,14.794999999999998,0.5249999999999999,False,,Existing minigrid
5503001,0,0,0,1,0,4387.26727793702,0.0,0.0,1674.1233723958333,387.683837890625,2.0525344220547064,165,29,0,0,0,0,0,0,0,0,16.8875,0.1425,False,,Grid extension
5503002,0,0,1,1,1,868.9364124113679,0.0,0.0,1676.456814236111,603.799560546875,1.893738598601041,330,69,1,0,0,0,0,0,0,1,25.2825,1.815,False,,Grid extension
5503003,1,0,0,1,0,2788.7860345940826,0.0,0.0,1676.810546875,580.5806274414062,2.0364227166038593,287,68,0,0,0,0,0,0,0,0,18.9325,1.175,False,,Grid extension
5503004,0,0,1,0,0,6269.468662033083,0.0,0.0,1667.8533528645833,411.0597839355469,2.6155538202971513,135,29,1,0,0,0,0,0,0,0,24.30666666666667,1.335,True,Aram Forest Reserve,Solar home system
5503005,0,0,0,0,0,5939.468504688645,0.0,0.0,1665.29638671875,195.0987548828125,2.6746131844688983,67,12,0,0,0,0,0,0,0,0,25.01666666666667,0.2066666666666666,True,Aram Forest Reserve,Solar home system
5503006,0,0,0,0,0,4849.757000417125,0.0,0.0,1671.4143880208333,280.837646484375,2.0238402335206276,73,11,0,0,0,0,0,0,0,0,21.08,0.255,False,,Solar home system
5503007,0,0,0,1,0,3797.6328839690423,0.0,0.0,1672.3580729166667,80.14171600341797,2.1260482368119265,27,8,0,0,0,0,0,0,0,0,10.23,0.37,False,,Grid extension
5503008,0,0,2,0,0,3567.2778098963113,0.38506510853767395,1.4188129285682278,1668.7795516304348,748.4898681640625,2.544356897403857,248,48,0,2,0,0,0,0,0,1,18.790000000000003,0.3075,True,Paonyeme Forest Reserve,Solar home system
5503009,0,0,0,0,0,2411.6103211071677,0.0,0.0,1669.484765625,359.8286437988281,2.6515892006999326,104,14,0,0,0,0,0,0,0,1,21.42,0.465,True,Paonyeme Forest Reserve,Solar home system
5503010,0,0,0,1,0,2697.6639602089135,0.0,0.0,1671.7493489583333,284.7214660644531,2.121618543675816,92,15,0,0,0,0,0,0,0,0,21.96333333333333,0.2366666666666666,False,,Grid extension
5503011,0,0,0,1,0,2579.6181729192854,0.0,0.0,1672.844970703125,327.2469482421875,2.1133715220701994,138,30,0,0,0,0,0,0,0,1,14.1525,0.6325,False,,Grid extension
5503012,0,0,0,1,0,5632.137673229662,0.0,0.0,1672.3722426470588,543.2601928710938,2.0099665395190858,227,27,0,0,0,0,0,0,0,0,27.703333333333333,0.635,False,,Grid extension
5503013,0,0,0,0,0,5804.48134744053,0.0,0.0,1673.4541015625,7.6266021728515625,2.1162820298877505,3,1,0,0,0,0,0,0,0,0,25.23,0.01,False,,Solar home system
5503014,0,0,0,0,0,975.1592497887663,0.0,0.0,1668.4620361328125,362.67083740234375,1.795467862215909,157,41,0,0,0,0,0,0,0,0,24.075,21.36,False,,Solar home system
5503015,0,0,0,0,0,1362.3673807600014,0.0,0.0,0.0,285.2509765625,1.718694397292212,115,29,0,0,0,0,0,0,0,0,31.60333333333333,12.5575,False,,Solar home system
5503016,0,0,0,0,0,495.53563299276465,0.0,0.0,1669.1925048828125,538.3313598632812,1.8250697444708095,232,81,0,0,0,0,0,0,0,0,12.675,20.2725,True,Padibe Forest Reserve,Solar home system
5503017,0,0,0,1,0,1696.4048299465833,0.0,0.0,0.0,136.72720336914062,1.780643093970514,56,24,0,0,0,0,0,0,0,0,41.025000000000006,9.755,False,,Grid extension
5503018,0,0,0,1,0,2281.561886154998,0.0,0.0,1665.4182942708333,500.90673828125,1.859433870789007,198,56,0,0,0,0,0,0,0,0,27.465000000000003,8.715000000000002,False,,Grid extension
5503019,0,0,0,0,0,1374.2259188873745,0.0,0.0,1668.4620361328125,327.9981689453125,1.8831624315970814,148,47,0,0,0,0,0,0,0,0,22.6125,6.199999999999999,False,,Solar home system
5503020,0,0,0,0,1,435.53566066917006,0.0,0.0,1669.375,433.6383361816406,1.8164015914863074,167,41,0,0,0,0,0,0,0,0,27.1325,11.4075,False,,Existing grid
5503021,0,0,7,1,0,471.5536943927813,0.0,0.0,1668.8270263671875,459.5848083496094,1.4334031287001014,166,105,5,2,0,0,0,0,0,0,32.015,42.7925,False,,Grid extension
5503022,0,0,0,0,1,127.35285458683781,0.0,0.0,0.0,626.8826293945312,0.7873228966595722,313,131,0,0,0,0,0,0,0,0,7.322500000000001,75.66499999999999,False,,Existing grid
5503023,0,0,0,1,0,855.1252556933996,0.0,0.0,1665.7230224609375,844.0283813476562,1.7445132689488272,360,102,0,0,0,0,0,0,0,1,21.98,26.9475,False,,Grid extension
5503024,0,0,1,0,1,383.61275893271977,0.0,0.0,1670.8359375,387.493896484375,1.9280101477581522,144,50,0,1,0,0,0,0,0,0,11.776666666666667,10.1325,False,,Existing grid
5503025,0,0,0,0,0,1787.48581487217,0.0,0.0,0.0,0.0,0.0,0,0,0,0,0,0,0,0,0,0,100.0,0.0,False,,Solar home system
5503026,0,0,0,0,1,606.8050474284328,0.0,0.0,1671.7490234375,221.980224609375,1.9577221005064414,104,28,0,0,0,0,0,0,0,0,30.35,3.945,False,,Existing grid
5503027,0,0,0,0,1,912.8428531922644,0.0,0.0,1669.2840576171875,562.5110473632812,1.8777500564199234,218,75,0,0,0,0,0,0,0,0,25.385,9.215,False,,Existing grid
5503028,0,0,1,0,0,3413.605472892166,0.0,0.0,1658.7828776041667,310.63067626953125,1.8695753692441355,86,12,1,0,0,0,0,0,0,0,33.903333333333336,0.7633333333333333,False,,Solar home system
5503029,0,0,0,1,1,419.21450445817817,0.0,0.0,0.0,315.74505615234375,1.7691428932242623,165,22,0,0,0,0,0,0,0,0,24.55333333333333,5.82,False,,Grid extension
5503030,0,0,0,0,0,536.5384749051075,0.0,0.0,1667.0009765625,348.40911865234375,1.8144592204952366,147,30,0,0,0,0,0,0,0,1,42.64333333333333,16.7025,False,,Solar home system
5503031,0,0,1,1,1,227.91352501617206,0.0,0.0,1667.549072265625,765.1810913085938,1.7221844541298232,291,100,1,0,0,0,0,0,0,8,34.489999999999995,16.215,False,,Grid extension
5503032,0,0,0,1,0,1423.0751153859667,0.0,0.0,1665.6619466145833,162.17047119140625,1.8491028221972923,91,8,0,0,0,0,0,0,0,3,32.623333333333335,0.61,False,,Grid extension
5503033,0,0,0,1,0,2746.7234109073142,0.0,0.0,1652.1587357954545,172.46566772460938,2.2366309860347235,64,17,0,0,0,0,0,0,0,0,28.68,0.3633333333333333,False,,Grid extension
5503034,0,0,0,0,0,2474.3268219052825,0.0,0.0,1660.609130859375,182.3632354736328,1.9621410626049298,77,18,0,0,0,0,0,0,0,0,29.135,1.4125,False,,Solar home system
5503035,0,0,0,1,0,2766.537270617349,0.0,0.0,1664.0789794921875,442.46490478515625,1.8738903144203034,189,34,0,0,0,0,0,0,0,0,30.00333333333333,4.83,False,,Grid extension
5503036,0,0,0,0,0,14353.943056342998,0.0,0.0,1642.9756944444443,236.24996948242188,2.6437355445752733,96,3,0,0,0,0,0,0,4,3,5.383333333333333,0.0566666666666666,False,,Solar home system
5503037,0,0,4,1,1,554.5156525625714,0.0,0.0,1666.635986328125,1088.5487060546875,2.582844745566541,512,214,2,2,0,0,0,0,0,0,9.01,29.8375,True,Palabek Forest Reserve,Grid extension
5503038,0,0,0,1,1,961.8214954153718,0.0,0.0,1666.8179931640625,435.6698913574219,2.3096812682392995,249,58,0,0,0,0,0,0,0,1,13.185000000000002,12.7275,False,,Grid extension
5503039,0,0,0,1,0,2830.1341885550432,0.0,0.0,1658.454296875,444.78021240234375,2.454358087641357,245,51,0,0,0,0,0,0,0,10,21.0725,1.0975,False,,Grid extension
5503040,0,0,0,0,0,8951.622476384027,0.0,0.0,1647.916748046875,291.4127197265625,2.752655411449016,125,12,0,0,0,0,0,0,0,2,17.323333333333334,0.6366666666666666,False,,Solar home system
5503041,0,0,0,1,0,3760.081220145497,0.0,0.0,1658.509033203125,329.72418212890625,2.340072161677171,187,11,0,0,0,0,0,0,0,0,27.7,1.0875,False,,Grid extension
5503042,0,0,0,0,0,9274.263638930213,0.0,0.0,1647.7888671875,91.98211669921875,3.023057753936752,47,7,0,0,0,0,0,0,0,2,11.005,0.6366666666666666,False,,Solar home system
5503043,0,0,1,1,0,6075.9411251682905,0.0,0.0,1651.90390625,634.8218994140625,2.8227903826617,276,67,1,0,0,0,0,0,0,5,12.1775,1.1,False,,Grid extension
5503044,0,0,0,0,0,10913.850364427519,0.0,0.0,1645.54248046875,31.84916114807129,2.743714866997024,18,1,0,0,0,0,0,0,0,1,6.745,0.1033333333333333,False,,Solar home system
5503045,0,0,0,0,1,187.81302540682782,0.0,0.0,0.0,552.2208251953125,1.6686180134358932,355,82,0,0,0,0,0,0,0,1,11.3825,57.3225,False,,Existing grid
5503046,0,0,0,1,0,555.2221203396446,0.0,0.0,0.0,1278.86279296875,1.282303198570628,695,179,0,0,0,0,0,0,0,5,5.916666666666667,79.38250000000001,False,,Grid extension
5503047,0,0,0,0,0,12014.722238888246,0.40385758876800537,1.4188129285682278,1642.1368634259259,571.06103515625,3.063871352526859,87,5,0,0,0,0,0,1,0,1,5.569999999999999,0.1225,False,,Solar home system
5503048,0,0,0,0,0,13897.810079865525,0.0,0.0,1638.7954644097222,432.7607116699219,2.95111890034711,181,21,0,0,0,0,0,0,0,0,16.116666666666667,0.175,False,,Solar home system
5503049,0,0,0,0,0,13482.625994046528,0.0,0.0,1634.4676339285713,375.205078125,2.8911863101447386,138,12,0,0,0,0,0,0,0,0,14.106666666666664,0.05,False,,Solar home system
5503050,1,0,1,0,0,13305.312615002957,0.0,0.0,1639.698486328125,534.5516967773438,2.831309153956004,228,32,1,0,0,0,0,0,0,0,15.626666666666663,0.68,False,,Candidate minigrid
5503051,0,0,0,0,0,19868.375940351645,0.0,0.0,1611.4830729166667,220.68666076660156,3.845027276719362,156,3,0,0,0,0,0,0,0,2,21.2875,0.065,False,,Solar home system
5503052,0,0,0,0,0,14478.579742871914,0.0,0.0,1586.4288429054054,241.1913604736328,5.106229278971478,15,0,0,0,0,0,0,0,0,0,5.975,0.0699999999999999,True,Agoro - Agu Forest Reserve,Solar home system
5503053,0,0,0,0,0,16964.587848050083,0.0,0.0,1594.8184814453125,162.64418029785156,5.153838543542192,56,3,0,0,0,0,0,0,0,0,9.3625,0.005,False,,Solar home system
5503054,0,0,0,0,0,18645.150565585885,0.0,0.0,1603.3692801339287,382.65606689453125,4.15301670229216,269,21,0,0,0,0,0,0,0,0,14.303333333333333,0.7150000000000001,False,,Solar home system
5503055,0,0,0,1,0,1477.0411637310453,0.0,0.0,1634.1280517578125,135.15567016601562,2.1585401419222427,103,19,0,0,0,0,0,0,0,0,15.0775,12.0375,False,,Grid extension
5503056,0,0,1,0,0,5608.000769344098,0.0,0.0,1631.4501953125,360.67333984375,2.8659865522837933,279,23,0,1,0,0,0,0,0,0,15.25,2.78,False,,Solar home system
5503057,0,0,0,0,0,20171.300410841814,0.0,0.0,1570.5749289772727,311.175537109375,7.748985269443348,134,9,0,0,0,0,0,0,0,2,8.1775,0.42,True,Agoro - Agu Forest Reserve,Solar home system
5503058,0,0,1,0,0,19149.731375858933,0.0,0.0,1562.539368872549,251.0939178466797,6.638893836649847,55,12,0,1,0,0,0,0,0,0,3.4925,0.0525,True,Agoro - Agu Forest Reserve,Solar home system
5503059,0,0,0,0,0,11735.212891080804,0.36891111731529236,1.2178930012617009,1602.610137195122,665.626708984375,3.155490554156171,322,8,0,0,0,0,0,0,0,4,13.4875,0.0325,False,,Solar home system
5503060,0,0,1,0,0,14913.448950420114,0.0,0.0,1599.9461206896551,424.8088073730469,2.4414278815196395,200,11,1,0,0,0,0,0,0,2,9.5575,0.1425,False,,Solar home system
5503061,0,1,1,0,0,7494.201518598633,0.0,0.0,1604.76259765625,246.76947021484375,5.226641909360085,232,24,0,1,0,0,0,0,0,1,2.5966666666666667,1.5675,True,Lalak Forest Reserve,Existing minigrid
5503062,0,0,0,0,0,9740.516917901341,0.0,0.0,1601.4996744791667,251.9755096435547,2.9845140003905573,195,13,0,0,0,0,0,0,0,0,20.41333333333333,0.865,False,,Solar home system
5503063,0,0,0,0,0,4923.504681271518,0.0,0.0,1611.7267252604167,202.97312927246094,3.112805893081657,138,21,0,0,0,0,0,0,0,1,19.5225,0.8274999999999999,False,,Solar home system
5503064,0,0,0,0,0,5515.085171125498,0.40488603711128235,1.2920753935741451,1612.18310546875,245.65045166015625,6.45249200164874,135,12,0,0,0,0,0,0,0,0,6.734999999999999,0.7324999999999999,True,Lalak Forest Reserve,Solar home system
5503065,0,0,1,0,0,6420.891878021064,0.0,0.0,1608.4392903645833,292.5970153808594,2.9427506493074054,198,30,1,0,0,0,0,0,0,1,14.8625,2.0075000000000003,False,,Solar home system
5503066,0,0,0,0,0,8399.32733113759,0.0,0.0,1608.5171875,412.4455871582031,3.6132634570891478,69,3,0,0,0,0,0,0,0,0,6.365,0.0,True,Lalak Forest Reserve,Solar home system
5503067,0,0,0,0,0,16105.444033200623,0.4191780984401703,1.177323611500354,1587.785625,225.17886352539062,6.038919655414909,87,8,0,0,0,0,0,0,0,0,9.04,0.1475,True,Agoro - Agu Forest Reserve,Solar home system
5503068,0,1,0,0,0,3761.737010448295,0.0,0.0,1617.96630859375,618.251220703125,2.7882504662394796,174,14,0,0,0,0,0,0,0,2,20.6125,2.8975,False,,Existing minigrid
5503069,0,0,0,0,0,7284.568000311674,0.0,0.0,1608.78017578125,353.2826843261719,2.9360869322029797,207,18,0,0,0,0,0,0,0,0,14.7225,1.39,False,,Solar home system
5503070,0,0,1,0,0,10008.584752641396,0.0,0.0,1604.20234375,340.7925720214844,3.1351035095960276,168,23,1,0,0,0,0,0,0,10,11.315,0.4775,False,,Solar home system
5503071,0,0,0,0,0,4019.924927300134,0.0,0.0,1614.405029296875,351.71795654296875,2.8540240917161332,221,12,0,0,0,0,0,0,0,1,29.62333333333333,1.0525000000000002,False,,Solar home system
5503072,0,0,0,0,0,17621.696057036752,0.0,0.0,1600.8037574404761,29.034385681152344,5.234574665476293,20,1,0,0,0,0,0,0,0,0,8.94,0.02,False,,Solar home system
5503073,0,0,1,1,0,9732.45566590156,0.0,0.0,1615.9368699596773,701.85107421875,3.6530595796574614,403,48,1,0,0,0,0,0,0,0,13.605,0.6074999999999999,False,,Grid extension
5503074,0,0,0,0,0,15826.356005940359,0.0,0.0,1599.180752840909,168.79269409179688,5.196011797450003,29,0,0,0,0,0,0,0,0,0,8.4375,0.0433333333333333,False,,Solar home system
5503075,0,0,0,0,0,2653.946985140693,0.0,0.0,1666.635986328125,76.92430877685547,1.7493442000752364,54,3,0,0,0,0,0,0,0,0,18.826666666666668,2.4266666666666663,False,,Solar home system
5503076,0,0,0,1,0,2322.4715522964348,0.0,0.0,1667.548583984375,149.39520263671875,1.813135377183586,66,10,0,0,0,0,0,0,0,0,23.453333333333333,3.095,False,,Grid extension
5503077,0,0,0,1,0,813.7191023683066,0.0,0.0,1672.3577473958333,386.59326171875,2.082839581144958,161,29,0,0,0,0,0,0,0,0,29.73333333333333,2.3200000000000003,False,,Grid extension
5503078,0,0,0,1,0,888.9384007395718,0.0,0.0,1672.8450520833333,514.5897216796875,2.0515905342631484,251,53,0,0,0,0,0,0,0,1,26.9975,4.6,False,,Grid extension
5503079,0,0,0,0,1,850.8229703424444,0.0,0.0,1669.6488037109375,382.5804443359375,1.836916775173611,149,23,0,0,0,0,0,0,0,0,17.78,0.9066666666666668,False,,Existing grid
5503080,0,0,0,1,0,1152.8146156320129,0.0,0.0,0.0,248.0968780517578,2.0484662538457155,99,22,0,0,0,0,0,0,0,0,37.75333333333334,3.82,False,,Grid extension
5503081,0,0,1,0,1,102.90114551179803,0.0,0.0,1670.775390625,155.03257751464844,1.8927154684560208,51,19,1,0,0,0,0,0,0,0,17.542499999999997,1.185,False,,Existing grid
5503082,0,0,0,0,0,4932.161076336329,0.0,0.0,1652.4822998046875,67.12541961669922,3.0965335605458777,11,2,0,0,0,0,0,0,0,0,4.952500000000001,0.08,False,,Solar home system
5503083,0,0,0,0,0,2779.0186087011334,0.0,0.0,1646.1487926136363,46.3173942565918,4.519192456634449,7,2,0,0,0,0,0,0,0,0,21.295,0.05,True,Lalak Forest Reserve,Solar home system
5503084,0,0,1,0,0,3183.9360188137402,0.0,0.0,1657.961181640625,39.95335006713867,3.337871807080439,6,2,1,0,0,0,0,0,0,0,25.4025,0.0,False,,Solar home system
5503085,0,0,0,1,0,3017.638425246528,0.0,0.0,1664.0789794921875,263.2040100097656,1.9602485090133852,173,23,0,0,0,0,0,0,0,4,12.405,3.2,False,,Grid extension
5503086,0,0,0,1,0,2389.7533224533718,0.0,0.0,1662.800537109375,324.9069519042969,2.1186621997214043,189,28,0,0,0,0,0,0,0,3,16.883333333333333,2.0000000000000004,False,,Grid extension
5503087,0,0,0,1,0,1437.7608823415706,0.0,0.0,1659.28515625,311.9022216796875,2.6278497002758523,132,16,0,0,0,0,0,0,0,3,26.700000000000003,0.7533333333333334,False,,Grid extension
5503088,0,0,0,1,0,4463.932416744001,0.0,0.0,1661.5830078125,371.0740966796875,2.435913848771004,215,26,0,0,0,0,0,0,0,0,31.33,1.2175,False,,Grid extension
5503089,0,0,1,1,1,318.0227847519852,0.0,0.0,1653.9736328125,1006.368896484375,2.3558967195297877,492,69,1,0,0,0,0,0,0,8,12.393333333333336,13.365,False,,Grid extension
5503090,0,0,0,0,1,586.9740175955085,0.0,0.0,1657.687255859375,337.1388244628906,2.4485127152811588,121,13,0,0,0,0,0,0,0,0,31.41,2.2225,False,,Existing grid
5503091,0,0,0,1,1,519.6459887868559,0.0,0.0,1658.5999755859375,154.28741455078125,2.028316956113643,70,9,0,0,0,0,0,0,0,0,34.88666666666666,1.2275,False,,Grid extension
5503092,1,0,0,0,0,2424.2987084115457,0.0,0.0,1648.6015625,470.25146484375,1.8085254281745287,361,33,0,0,0,0,0,0,1,0,19.13,2.306666666666666,False,,Candidate minigrid
5503093,0,0,0,0,0,19017.328378481852,0.0,0.0,1603.264892578125,19.29084014892578,2.6372459811238587,3,0,0,0,0,0,0,0,0,0,9.695,0.02,False,,Solar home system
5503094,0,0,0,0,0,16272.714888523738,0.0,0.0,0.0,0.0,2.0116690526436725,1,0,0,0,0,0,0,0,0,0,28.88,0.0,False,,Solar home system
5503095,0,0,0,0,0,22981.20699234789,0.0,0.0,1563.310763888889,211.57154846191406,9.263281955736224,3,0,0,0,0,0,0,0,0,0,2.5525,0.3033333333333333,True,Agoro - Agu Forest Reserve,Solar home system
5503096,0,0,0,0,0,17085.81719971141,0.0,0.0,1602.5345052083333,96.16827392578125,2.171520151990525,10,0,0,0,0,0,0,0,0,0,7.875000000000001,0.07,False,,Solar home system
5503097,0,0,0,0,0,19159.926207275767,0.35738468170166016,1.0438407316552163,1579.341037326389,435.7327880859375,2.690818652742523,60,3,0,0,0,0,0,0,0,0,11.8575,0.09,True,Agoro - Agu Forest Reserve,Solar home system
5503098,0,0,0,0,0,20203.181019149946,0.0,0.0,1608.4697265625,273.23297119140625,2.281871887775718,71,10,0,0,0,0,0,0,0,0,15.377499999999998,0.0233333333333333,True,Lamwo Forest Reserve,Solar home system
5503099,0,1,2,0,0,22234.340543580955,0.0,0.0,1577.4537760416667,1933.25,3.716690627914206,855,140,1,1,0,0,0,0,0,0,12.3425,5.2625,True,Agoro - Agu Forest Reserve,Existing minigrid
5503100,0,0,0,0,0,20589.755332411838,0.0,0.0,1586.906947544643,225.2570343017578,2.4447802491449004,64,9,0,0,0,0,0,0,0,3,21.3175,0.255,True,Agoro - Agu Forest Reserve,Solar home system
5503101,0,0,2,0,0,22227.523649727565,0.0,0.0,1598.8814697265625,518.60693359375,2.035766510397218,184,44,2,0,0,0,0,0,0,0,14.375,4.105,False,,Solar home system
5503102,0,0,0,0,0,17314.074965029453,0.36131471395492554,0.9874697896740159,1613.1414695945946,107.3065185546875,3.9893929807137822,3,1,0,0,0,0,0,0,0,0,6.5425,0.04,True,Agoro - Agu Forest Reserve,Solar home system
5503103,0,0,0,0,0,28394.08362353522,0.0,0.0,1548.112060546875,150.19024658203125,7.6037321761727075,28,2,0,0,0,0,0,0,0,0,4.4375,0.0,True,Agoro - Agu Forest Reserve,Solar home system
5503104,0,1,1,0,0,16665.053689692875,0.0,0.0,1625.2255859375,530.388671875,2.591474273004143,114,13,1,0,0,0,0,0,0,0,19.5325,0.8125,True,Agoro - Agu Forest Reserve,Existing minigrid
5503105,0,1,1,0,0,19204.03041104373,0.0,0.0,1617.013950892857,498.6332702636719,3.6015924329501914,211,23,0,1,0,0,0,0,0,2,10.4125,1.045,True,Agoro - Agu Forest Reserve,Existing minigrid
5503106,0,0,0,0,0,20992.29357133731,0.0,0.0,1609.4482421875,317.1368713378906,3.0933460809231272,113,7,0,0,0,0,0,0,0,4,16.063333333333333,1.195,True,Agoro - Agu Forest Reserve,Solar home system
5503107,0,0,1,0,0,23830.978992251843,0.0,0.0,1596.36162109375,690.0269775390625,2.395635910688751,241,33,1,0,0,0,0,0,2,2,17.5,2.0675,True,Agoro - Agu Forest Reserve,Solar home system
5503108,0,0,0,0,0,24253.621193163643,0.0,0.0,1586.40234375,317.30694580078125,3.743511702903144,126,3,0,0,0,0,0,0,0,0,14.09,0.4533333333333333,True,Agoro - Agu Forest Reserve,Solar home system
5503109,0,0,1,0,0,27021.317398726776,0.0,0.0,1571.378515625,132.0050048828125,7.9011409220308675,36,0,1,0,0,0,0,0,0,0,26.555,0.14,True,Agoro - Agu Forest Reserve,Solar home system
5503110,0,0,1,0,0,26329.19671115604,0.0,0.0,1572.3081781914893,814.9149780273438,8.054936594202898,170,11,0,1,0,0,0,0,0,0,3.035,0.0775,True,Agoro - Agu Forest Reserve,Solar home system
5503111,0,0,0,0,0,20365.961860905714,0.0,0.0,1615.0358664772727,296.8518371582031,2.140464244929176,86,10,0,0,0,0,0,0,1,0,19.795,1.1375,False,,Solar home system
5503112,1,0,0,0,0,15487.44110001698,0.0,0.0,1614.77001953125,357.53875732421875,2.214861472462582,90,3,0,0,0,0,0,0,0,0,12.429999999999998,1.4066666666666665,True,Agoro - Agu Forest Reserve,Candidate minigrid
5503113,0,0,0,0,0,20670.546711448602,0.0,0.0,1571.6710205078125,234.2051239013672,2.4733134011888445,65,1,0,0,0,0,0,0,0,0,17.6725,0.49,True,Agoro - Agu Forest Reserve,Solar home system
5503114,0,1,1,0,0,19559.538163044108,0.0,0.0,1595.7769775390625,551.4906616210938,2.2727445732485068,198,7,1,0,0,0,0,0,0,0,17.375,8.2975,False,,Existing minigrid
5503115,0,0,0,0,0,17753.514201584003,0.0,0.0,1606.3390299479167,321.0542907714844,2.406552443163148,107,2,0,0,0,0,0,0,0,0,14.6625,0.2,True,Agoro - Agu Forest Reserve,Solar home system
5503116,0,0,0,0,0,27033.03229678463,0.21598023176193237,0.9156713327707011,1538.2272727272727,214.9370574951172,7.346640923946068,41,2,0,0,0,0,0,0,0,0,4.34,0.035,True,Agoro - Agu Forest Reserve,Solar home system
5503117,0,0,0,0,0,25472.893040740077,0.0,0.0,0.0,151.81704711914062,2.6528453755822983,61,2,0,0,0,0,0,0,0,0,19.765,7.226666666666667,False,,Solar home system
5503118,1,0,0,0,0,21652.79400147182,0.0,0.0,1585.0633138020833,312.25201416015625,2.307764012749021,145,5,0,0,0,0,0,0,0,0,14.802500000000002,0.43,False,,Candidate minigrid
5503119,0,0,0,0,0,26289.4719642946,0.0,0.0,1553.7734375,363.88348388671875,3.682032132123406,85,3,0,0,0,0,0,0,0,12,5.596666666666667,3.835,True,Agoro - Agu Forest Reserve,Solar home system
5503120,0,0,1,0,0,25468.374539833505,0.0,0.0,1543.5467529296875,536.7947998046875,3.0508168056421447,161,9,1,0,0,0,0,0,0,0,11.0125,7.5275,True,Agoro - Agu Forest Reserve,Solar home system
5503121,1,0,0,0,0,24805.858626728354,0.0,0.0,1557.242919921875,360.3603820800781,2.5015636488970587,146,3,0,0,0,0,0,0,0,2,23.9625,4.4925,True,Agoro - Agu Forest Reserve,Candidate minigrid
5503122,0,0,0,0,0,23667.64648465439,0.0,0.0,1590.2989501953125,125.20028686523438,1.6510612174674675,16,3,0,0,0,0,0,0,0,0,12.240000000000002,2.6375,False,,Solar home system
5503123,0,0,0,0,0,23904.978557250884,0.0,0.0,1579.3409423828125,513.3109130859375,2.583277145177352,126,5,0,0,0,0,0,0,0,0,4.97,14.085,False,,Solar home system
5503124,0,0,0,0,0,24222.51082286931,0.0,0.0,0.0,0.0,2.4807615273922274,0,0,0,0,0,0,0,0,0,0,13.4125,1.255,False,,Solar home system
5503125,0,0,0,0,0,23587.89572631548,0.0,0.0,1562.3564453125,168.8037109375,1.9871126690405183,59,1,0,0,0,0,0,0,0,0,4.245,3.033333333333333,False,,Solar home system
5503126,0,0,0,0,0,22932.46887718097,0.0,0.0,1568.0185546875,171.2334442138672,2.3027329013141347,44,1,0,0,0,0,0,0,0,0,5.8825,4.17,False,,Solar home system
5503127,0,0,0,0,0,23064.604471233666,0.0,0.0,1584.0889892578125,465.96173095703125,2.3417929885356368,137,7,0,0,0,0,0,0,0,0,2.8400000000000003,22.4975,False,,Solar home system
5503128,0,1,2,0,0,23090.836032321175,0.0,0.0,0.0,1466.0474853515625,0.7122689157627933,601,171,1,1,0,0,0,0,1,0,15.15,58.55,False,,Existing minigrid
5503129,0,0,0,0,0,16891.844068919218,0.3251779079437256,1.0133589635817917,1641.0021484375,250.47503662109375,1.9367991325111837,22,0,0,0,0,0,0,0,0,1,8.655,0.0133333333333333,False,,Solar home system
5503130,0,0,0,0,0,8202.422916465799,0.0,0.0,1645.0860595703125,49.573848724365234,1.4924131075351166,20,0,0,0,0,0,0,0,0,0,21.43,0.9933333333333332,False,,Solar home system
5503131,0,0,0,0,0,9007.667907483145,0.3448446989059448,1.1518570684913176,1642.398716517857,191.64773559570312,1.7117549828425445,76,9,0,0,0,0,0,0,0,2,16.41,0.51,False,,Solar home system
5503132,1,0,0,0,0,5328.252872779898,0.0,0.0,1643.077237215909,380.0637512207031,1.7692964471522454,123,6,0,0,0,0,0,0,1,0,15.2225,0.6633333333333334,False,,Candidate minigrid
5503133,0,0,0,0,0,7199.051919266349,0.3702538311481476,1.2872762005963145,1649.3412109375,125.68961334228516,1.7969333346860217,21,2,0,0,0,0,0,0,0,0,14.313333333333334,0.075,False,,Solar home system
5503134,2,0,1,0,0,6487.495297651283,0.0,0.0,1646.824898097826,735.2112426757812,1.7803604273495612,540,58,1,0,0,0,0,0,0,1,18.415,0.9025,False,,Candidate minigrid
5503135,0,0,0,0,0,20892.530747598747,0.33195725083351135,1.1662432164765397,1638.60546875,285.168212890625,1.9129897233633564,16,0,0,0,0,0,1,0,0,0,1.6325,0.0,False,,Solar home system
5503136,0,0,0,0,0,4138.740671831784,0.0,0.0,1652.93896484375,3.938704252243042,1.6618492643458675,0,0,0,0,0,0,0,0,0,0,6.920000000000001,0.06,False,,Solar home system
5503137,2,0,1,0,0,3848.6847577137232,0.32620182633399963,1.141316210551359,1648.373291015625,645.0112915039062,1.6254021940331012,162,11,1,0,0,0,0,0,0,1,16.3075,2.75,False,,Candidate minigrid
5503138,0,0,0,0,0,7807.582821070529,0.0,0.0,1646.69921875,303.5616455078125,2.825526352279877,146,3,0,0,0,0,0,0,0,2,4.4975,0.56,False,,Solar home system
5503139,0,0,0,0,0,12404.303059118452,0.0,0.0,1644.81201171875,18.114723205566406,1.6728334507407268,0,0,0,0,0,0,0,0,0,0,1.26,0.0,False,,Solar home system
5503140,1,0,1,0,0,11789.70513901728,0.0,0.0,1645.8579545454545,390.7322692871094,1.615864508579945,27,10,0,0,0,0,0,0,0,2,1.31,0.0225,False,,Candidate minigrid
5503141,0,0,0,0,0,7561.459149817162,0.0,0.0,1649.468994140625,0.0,1.4706550106591771,0,0,0,0,0,0,0,0,0,0,13.335,0.0,False,,Solar home system
5503142,2,0,0,0,0,6685.724828531893,0.0,0.0,1652.601444128788,413.4750061035156,1.9658137757210148,143,20,0,0,0,0,0,0,0,3,5.44,0.3933333333333333,False,,Candidate minigrid
5503143,0,0,0,1,0,2493.1226306483522,0.0,0.0,1649.56640625,631.4733276367188,1.8902805292612235,329,47,0,0,0,0,0,0,0,6,18.6525,2.15,False,,Grid extension
5503144,0,0,0,1,1,934.3262848932728,0.0,0.0,1652.6617476851852,655.2164306640625,1.8569677938191704,325,75,0,0,0,0,0,0,0,3,16.8475,1.375,False,,Grid extension
5503145,0,0,0,1,1,647.164897384197,0.0,0.0,1650.74755859375,1412.8701171875,1.61870141893543,597,192,0,0,0,0,1,0,0,1,12.0375,16.2275,False,,Grid extension
5503146,0,0,0,0,0,3501.1626794513404,0.0,0.0,1654.144140625,375.2843322753906,1.7042777420958344,208,36,0,0,0,0,0,0,0,1,13.2425,0.9625,False,,Solar home system
5503147,0,0,0,0,1,157.43779035660836,0.0,0.0,0.0,187.47247314453125,1.758468220610883,101,30,0,0,0,0,0,0,0,0,32.49666666666666,23.62,False,,Existing grid
5503148,0,0,0,0,1,240.24719159838264,0.0,0.0,1653.1219482421875,92.86349487304688,1.893124256214739,0,0,0,0,0,0,0,0,0,0,11.406666666666666,1.31,False,,Existing grid
5503149,0,0,0,0,0,41.63390094034263,0.0,0.0,0.0,0.0,0.0,0,0,0,0,0,0,0,0,0,0,46.535,42.903333333333336,False,,Solar home system
5503150,1,0,1,0,0,1962.7483713645365,0.0,0.0,1652.3177734375,381.50994873046875,1.6351680049189814,206,47,1,0,0,0,0,0,0,0,15.8875,3.0175,False,,Candidate minigrid
5503151,0,0,0,0,1,6127.8718280545745,0.0,0.0,1654.486293859649,1035.80126953125,1.8193270575006077,371,93,0,0,0,0,0,0,0,17,7.649999999999999,0.765,False,,Existing grid
5503152,0,0,4,0,0,498.75664184119125,0.0,0.0,1652.0260009765625,1006.71044921875,0.8393713620629641,386,138,2,2,0,0,0,0,0,1,13.0375,34.83,False,,Solar home system
5503153,0,0,0,1,0,2679.816917916109,0.0,0.0,1631.1021205357142,721.9801635742188,2.2678973537146616,309,66,0,0,0,0,0,0,0,0,18.986666666666668,3.4250000000000003,False,,Grid extension
5503154,0,0,0,1,0,1960.0283283451042,0.0,0.0,1624.17578125,382.58099365234375,2.7230903986768804,118,27,0,0,0,0,0,0,0,0,18.3,3.8725,False,,Grid extension
5503155,0,0,0,1,0,1154.2743204949065,0.0,0.0,0.0,210.70883178710938,2.261208763238507,90,29,0,0,0,0,0,0,0,2,30.12333333333333,9.2475,False,,Grid extension
5503156,0,0,2,1,1,748.6571528722538,0.0,0.0,1626.3365885416667,367.8841247558594,2.184932461086675,214,45,2,0,0,0,0,0,0,2,12.3275,18.6075,False,,Grid extension
5503157,0,0,0,0,0,374.0106803826446,0.0,0.0,1632.302001953125,139.17822265625,2.421867756735384,71,14,0,0,0,0,0,0,0,0,3.31,33.427499999999995,True,Lokung Forest Reserve,Solar home system
5503158,0,0,0,1,0,2773.5948200137022,0.0,0.0,1613.6739501953125,228.50509643554688,2.7670512387902635,137,12,0,0,0,0,0,0,0,2,35.79333333333333,2.18,True,Lokung Forest Reserve,Grid extension
5503159,0,0,0,0,0,3564.163876269812,0.0,0.0,1618.854403409091,226.9168701171875,5.368721550900312,163,15,0,0,0,0,0,0,0,3,9.142500000000002,1.09,True,"Lalak Forest Reserve, Lokung Forest Reserve",Solar home system
5503160,0,1,0,0,0,7052.830047309448,0.0,0.0,1625.72802734375,508.5594482421875,2.3338156054962202,483,95,0,0,0,0,0,0,0,1,13.935,16.087500000000002,False,,Existing minigrid
5503161,0,0,0,0,0,22509.68350430927,0.3530677258968353,1.0378123072998178,1600.525669642857,200.94973754882812,2.8369691194141335,72,14,0,0,0,0,0,0,0,0,17.6125,0.385,True,Agoro - Agu Forest Reserve,Solar home system
5503162,0,0,1,0,0,21416.504073183925,0.0,0.0,1609.1697591145833,384.6959533691406,4.394631367232245,111,26,1,0,0,0,0,0,0,2,6.725,1.88,True,Lamwo Forest Reserve,Solar home system
5503163,0,0,0,1,1,81.79302608147783,0.0,0.0,0.0,567.8720703125,1.9690007588949547,430,193,0,0,0,0,0,0,0,1,7.449999999999999,67.46000000000001,True,Lokung Forest Reserve,Grid extension
5503164,0,0,0,0,0,8561.986376455563,0.0,0.0,1648.4644775390625,48.63438415527344,3.430594177957459,3,0,0,0,0,0,0,0,0,0,16.570000000000004,0.0,False,,Solar home system
5503165,0,0,0,0,0,1376.937426625766,0.0,0.0,1672.3337890625,207.157470703125,1.9266825414260607,87,13,0,0,0,0,0,1,0,0,29.776666666666667,1.7525,False,,Solar home system
5503166,0,0,0,0,1,530.9137927036488,0.0,0.0,1672.1141357421875,477.17578125,1.885682968455744,221,48,0,0,0,0,0,0,0,0,33.3675,2.8225,False,,Existing grid
5503167,0,0,0,0,0,5811.038768688033,0.0,0.0,1645.0860430743244,1078.3338623046875,3.574045443201077,99,12,0,0,0,0,0,1,0,4,14.9825,0.0233333333333333,True,Lokung Forest Reserve,Solar home system
5503168,0,0,0,0,1,1233.175951601235,0.0,0.0,1643.4423828125,0.0,3.9992717729811,0,0,0,0,0,0,0,0,0,0,32.193333333333335,0.0,False,,Existing grid
5503169,0,0,3,0,1,747.8788682963401,0.3959883451461792,1.4188129285682278,1644.2339409722222,914.3545532226562,3.8107546625499,103,35,0,0,2,0,0,0,0,3,22.9225,2.825,True,Lokung Forest Reserve,Existing grid
5503170,0,0,0,0,1,1339.2670262593217,0.0,0.0,1649.59033203125,59.77970886230469,4.5088799401697175,1,0,0,0,0,0,0,0,0,0,17.2575,0.29,False,,Existing grid
5503171,0,0,0,0,0,664.4503531289878,0.0,0.0,1631.572021484375,94.71050262451172,2.4417821211780577,28,2,0,0,0,0,0,0,0,0,23.026666666666667,2.015,True,Lokung Forest Reserve,Solar home system
5503172,0,0,3,1,1,96.14233319116869,0.0,0.0,1633.39794921875,320.65777587890625,2.1197727443454983,186,58,2,1,0,0,0,0,0,0,13.1925,47.69,False,,Grid extension
5503173,0,0,0,0,1,812.4799614960798,0.36862340569496155,1.3597503259484507,0.0,137.30116271972656,1.8921392822265626,65,19,0,0,0,0,0,0,0,0,34.68333333333333,3.5875000000000004,True,Padibe Forest Reserve,Existing grid
5503174,0,0,0,0,1,345.20960069066956,0.0,0.0,1663.5919596354167,296.75714111328125,1.9224432727175769,101,17,0,0,0,0,0,0,0,2,33.080000000000005,1.22,False,,Existing grid
5503175,0,0,1,1,1,444.90882705677336,0.0,0.0,1661.6438802083333,523.077880859375,1.919486172732339,273,26,0,1,0,0,0,0,0,0,32.64666666666667,7.5525,False,,Grid extension
5503176,0,0,1,1,0,785.2607844248582,0.0,0.0,1634.1280517578125,234.95523071289062,2.312323544532093,126,38,1,0,0,0,0,0,0,0,26.26333333333333,24.3775,False,,Grid extension
5503177,0,0,0,1,0,5285.833594056881,0.3793407678604126,1.3597503259484507,1653.3743990384614,1069.9869384765625,2.0647907813405446,330,77,0,0,0,0,0,0,0,0,20.6125,1.69,False,,Grid extension
5503178,0,0,1,1,0,2371.8201805248714,0.0,0.0,1666.6966145833333,442.53643798828125,1.8690632953902715,155,34,1,0,0,0,0,0,0,0,27.590000000000003,1.465,False,,Grid extension
5503179,0,0,0,0,1,726.9585285200291,0.0,0.0,1672.7841796875,431.01751708984375,1.9412574996491392,193,61,0,0,0,0,0,1,0,0,28.130000000000003,3.785,False,,Existing grid
5503180,0,0,0,0,0,16134.148343421262,0.0,0.0,1656.627734375,39.23595428466797,2.3445114848142263,115,13,0,0,0,0,0,0,0,0,14.813333333333333,0.1425,False,,Solar home system
5503181,0,0,0,1,1,1220.9301434488143,0.0,0.0,1635.9547526041667,257.85186767578125,2.5391200528996865,189,34,0,0,0,0,0,0,0,0,37.68,3.4325,True,Lokung Forest Reserve,Grid extension
5503182,0,0,0,0,0,27273.66231039314,0.0,0.0,1671.52296875,168.06716918945312,2.4233558680427247,68,3,0,0,0,0,0,0,0,12,6.5875,0.1166666666666666,True,Achwa River Forest Reserve,Solar home system
5503183,0,0,0,0,0,14244.688688773595,0.0,0.0,1660.3656684027778,684.7626953125,2.5609428566719408,1386,53,0,0,0,0,0,0,0,7,13.5075,1.7424999999999995,False,,Solar home system
5503184,0,0,0,0,0,12522.908953825985,0.0,0.0,1628.6496710526317,214.058837890625,3.5155861372115518,96,5,0,0,0,0,0,0,0,0,16.134999999999998,0.0766666666666666,False,,Solar home system
5503185,0,0,0,0,0,22494.131373494107,0.0,0.0,1597.238037109375,257.48529052734375,1.898108796700419,73,4,0,0,0,0,0,0,0,0,22.2525,8.717500000000001,False,,Solar home system
5503186,0,0,0,0,0,20132.804978023927,0.0,0.0,1587.9856770833333,371.9743347167969,2.4214162651277453,154,5,0,0,0,0,0,0,0,0,15.745,11.4125,False,,Solar home system
5503187,0,0,1,0,0,1395.084376166129,0.0,0.0,1668.279541015625,198.25442504882812,1.8081159212538227,56,21,1,0,0,0,0,0,0,0,22.746666666666663,5.3575,False,,Solar home system
5503188,0,0,2,0,1,365.9221224056188,0.0,0.0,0.0,752.9605712890625,1.5017735001511583,278,133,1,1,0,0,0,0,0,0,10.345,22.9375,False,,Existing grid
5503189,0,0,0,0,0,1131.4970323587181,0.0,0.0,1669.1920166015625,130.5713653564453,1.8471638307733051,39,7,0,0,0,0,0,0,0,0,15.593333333333335,0.7275,False,,Solar home system
5503190,0,0,0,0,0,3014.604714307958,0.0,0.0,1665.4490966796875,153.90158081054688,2.954692820866604,45,5,0,0,0,0,0,0,0,1,34.615,0.0533333333333333,True,Paonyeme Forest Reserve,Solar home system
5503191,0,0,0,0,1,1002.751525740415,0.0,0.0,1675.8334517045455,256.58380126953125,1.9139026971196347,123,19,0,0,0,0,0,0,0,0,15.456666666666663,0.5575,False,,Existing grid
5503192,0,0,2,0,0,14737.607782947605,0.0,0.0,1645.4510498046875,512.9141235351562,1.807747949649496,270,80,1,1,0,0,0,0,1,1,12.71,20.04,False,,Solar home system
5503193,1,0,0,0,0,14509.554552131573,0.3418930172920227,1.3649976128266912,1650.0775824652778,508.8028564453125,1.7697864281723052,250,41,0,0,0,0,0,0,0,2,18.75333333333333,2.4325,False,,Candidate minigrid
5503194,0,0,0,1,0,3384.8190032094003,0.0,0.0,1674.6712239583333,224.75909423828125,1.8930797440988718,142,19,0,0,0,0,0,0,0,0,40.23666666666667,4.1875,False,,Grid extension
5503195,0,0,0,1,0,1696.7485563599635,0.0,0.0,1676.1319580078125,5.157958507537842,1.9296080215048348,2,0,0,0,0,0,0,0,0,0,47.28333333333334,0.0,False,,Grid extension
5503196,0,0,0,1,0,1592.9347349114958,0.0,0.0,1674.79296875,111.64647674560547,1.859754326880596,30,5,0,0,0,0,0,0,0,0,53.370000000000005,1.01,False,,Grid extension
5503197,0,0,1,0,0,10073.63637973167,0.0,0.0,1599.114346590909,406.52972412109375,3.6449243031882896,172,17,1,0,0,0,0,0,0,0,10.833333333333334,0.3775,False,,Solar home system
5503198,0,1,1,0,0,14731.260581496692,0.0,0.0,1578.9094460227273,603.0546875,3.54986604341517,131,20,1,0,0,0,0,1,4,3,17.726666666666667,1.14,False,,Existing minigrid
5503199,0,0,0,0,0,18150.62932265279,0.0,0.0,0.0,76.33065795898438,2.926983403224571,20,2,0,0,0,0,0,0,0,0,14.323333333333332,0.27,False,,Solar home system
5503200,0,0,1,1,0,2476.935666086621,0.0,0.0,1627.553955078125,1356.77294921875,4.39344531938933,308,27,1,0,0,0,0,0,0,1,12.96,2.7425,True,"Lalak Forest Reserve, Lokung Forest Reserve",Grid extension
5503201,0,0,0,0,0,10552.4591934455,0.0,0.0,1648.7130926724137,266.61236572265625,1.8382252281913962,133,8,0,0,0,0,0,0,0,0,16.68,0.11,False,,Solar home system
5503202,0,0,4,1,1,414.94855809201505,0.0,0.0,1671.1402994791667,908.773193359375,2.448741200206044,427,105,3,1,0,0,0,0,0,2,26.08,9.19,True,Paonyeme Forest Reserve,Grid extension
5503203,0,0,0,0,0,7508.437832231282,0.0,0.0,1636.0562065972222,359.14556884765625,3.4448269691137816,245,30,0,0,0,0,0,0,0,1,23.023333333333337,0.6725,False,,Solar home system
5503204,0,0,0,1,0,2108.974326826873,0.0,0.0,1666.635986328125,306.6968078613281,1.8022504631571588,153,18,0,0,0,0,0,0,0,0,27.096666666666668,2.063333333333333,False,,Grid extension
5503205,0,0,0,0,0,8826.752158728861,0.0,0.0,1617.1748046875,1141.1083984375,3.4902094013872134,141,28,0,0,0,0,0,0,0,0,9.0625,0.1225,True,Lalak Forest Reserve,Solar home system
5503206,0,0,0,0,0,17766.94487496125,0.0,0.0,1645.4191176470588,0.0,1.7854721479615443,10,0,0,0,0,0,0,0,0,5,3.9475,0.005,False,,Solar home system
5503207,0,0,0,0,0,17187.289899869647,0.0,0.0,1643.358173076923,46.35924530029297,1.9487017355005338,3,0,0,0,0,0,0,0,0,0,2.265,0.01,False,,Solar home system
5503208,0,0,0,0,0,18510.598566204433,0.0,0.0,1649.430509868421,19.739852905273438,1.5749570911677389,3,0,0,0,0,0,0,0,0,0,4.1,0.265,False,,Solar home system
5503209,0,0,0,0,0,4396.458958996564,0.0,0.0,1662.617947048611,233.56585693359375,2.7845118447580646,112,11,0,0,0,0,0,0,0,0,17.546666666666663,0.32,False,,Solar home system
5503210,1,0,0,0,0,6436.594549258339,0.42434772849082947,1.4188129285682278,1665.5485101744187,304.1120300292969,3.1687565947242207,195,41,0,0,0,0,0,1,0,5,9.6375,0.0466666666666666,True,Aram Forest Reserve,Candidate minigrid
5504178,0,0,0,0,0,21027.180731641944,0.4505782425403595,1.4139726238037107,1689.8748372395833,431.834228515625,2.389342546990983,206,35,0,0,0,0,0,0,0,8,6.41,0.06,False,,Solar home system
