ID,addr_vname,addr_pname,addr_sname,percentage_crop_land,percentage_built_area
5500895,Special Area,Ngacino,Agoro,20.356666666666666,1.14
5500896,Grazing Land,Ngacino,Agoro,3.3875,0.0266666666666666
5500897,Irumo,Ngacino,Agoro,16.7125,3.16
5500898,Obere,Ngacino,Agoro,24.385,2.506666666666667
5500899,Kila,Ngacino,Agoro,20.2925,0.015
5500900,Lamogi,Ngacino,Agoro,19.065,15.472499999999998
5500901,Goloro-a,Pobar,Agoro,9.4825,12.606666666666667
5500902,Goloro-b,Pobar,Agoro,15.1225,6.7
5500903,Central,Pobar,Agoro,11.0425,20.297500000000003
5500904,Tumanun-a,Pobar,Agoro,16.947499999999998,2.1125
5500905,Lamuribenge-b,Pobar,Agoro,19.2825,3.12
5500906,Lamuribenge-a,Pobar,Agoro,19.062500000000004,1.3125
5500907,Special Area,Pobar,Agoro,7.445,0.28
5500908,Ywaya,Pobar,Agoro,9.445,0.995
5501310,Potwach,Pawor,Lokung,15.8125,0.0766666666666666
5501311,Lacano-diwogo,Pawor,Lokung,18.576666666666664,0.2674999999999999
5501312,Mudu,Pawor,Lokung,25.766666666666666,0.73
5501313,Lakwala West,Licwar,Lokung,17.282500000000002,0.0566666666666666
5501314,Special Area,Licwar,Lokung,37.98333333333333,0.3149999999999999
5501315,Ngomoromo,Licwar,Lokung,17.365,1.1225
5501316,Licwar Central,Licwar,Lokung,27.766666666666666,4.57
5501317,Kicwar West,Licwar,Lokung,25.34,0.145
5501318,Ghana,Licwar,Lokung,24.933333333333334,0.0633333333333333
5501319,Kila Kony-paco,Licwar,Lokung,26.683333333333337,0.8474999999999999
5501320,Kila Kony-paco,Licwar,Lokung,22.01666666666667,0.1466666666666666
5501321,Ngolpac,Pangira,Lokung,27.60666666666667,0.4566666666666667
5501322,Lik Kony,Pangira,Lokung,30.930000000000003,1.7233333333333334
5501323,Akilikongo Central,Pangira,Lokung,36.81,1.1025
5501324,Akilikongo West,Pangira,Lokung,28.8,1.3725
5501325,Pagada,Pangira,Lokung,29.67333333333333,3.0825
5501326,Okora East,Pangira,Lokung,29.590000000000003,1.0975
5501327,Special Area,Atiba,Lamwo Tc,49.785,0.0
5501328,Awac,Ateng,Lamwo Tc,100.0,0.0
5501329,Lomodo West,Pakalabule,Lokung,22.5925,3.3
5501330,Ocula Central,Ocula,Lamwo Tc,17.02,0.3075
5501331,Latyelo,Atiba,Lamwo Tc,27.72666666666667,0.0
5501332,Lagot Agoro,Atiba,Lamwo Tc,12.843333333333334,0.6225
5501333,Cin Kul,Atiba,Lamwo Tc,24.22,0.6175
5501334,Awac,Ateng,Lamwo Tc,23.313333333333336,3.1575
5501335,Juba,Ogwec,Lamwo Tc,32.45333333333333,9.475
5501336,Got Kwar,Ateng,Lamwo Tc,0.0,0.0
5501337,Loyo Ayela,Ateng,Lamwo Tc,24.9625,1.215
5501338,Latic Odoko Gwok,Abakadyak,Padibe West,22.986666666666665,2.276666666666667
5501339,Tumbafu,Ywaya,Padibe West,24.05,0.43
5501340,Lacara,Ywaya,Padibe West,18.7575,0.8775
5501341,Lokili,Ywaya,Padibe West,16.516666666666666,0.1033333333333333
5501342,Amuca South,Ywaya,Padibe West,54.56666666666667,3.4725
5501343,Amuca North,Ywaya,Padibe West,36.71666666666666,0.8324999999999999
5501561,Pawena Central,Cubu,Palabek Gem,8.192499999999999,0.4275
5501627,Ayago East,Alaa,Padibe East,30.8325,0.6925
5502037,Agwata,Cubu,Palabek Gem,4.8975,0.1075
5502847,Latikiriu,Dibolyec,Lokung,3.92,0.2075
5502848,Opoki East,Madi Kiloc,Padibe West,13.716666666666669,2.275
5502849,Guruguru,Kal,Palabek Kal,17.624999999999996,3.53
5502850,Ongalo,Pawaja,Paloga,18.99,3.106666666666667
5502851,Apyetta West,Apyetta,Palabek Ogili,8.89,1.2875
5502852,Pama,Okol,Madi Opei,13.633333333333333,0.125
5502853,Layamo,Cubu,Palabek Gem,10.536666666666669,0.1899999999999999
5502854,Agwata,Cubu,Palabek Gem,6.96,0.3825
5502855,Ngomlac,Cubu,Palabek Gem,7.876666666666668,0.0966666666666666
5502856,Abera,Cubu,Palabek Gem,13.509999999999998,0.09
5502857,Abam,Cubu,Palabek Gem,8.399999999999999,0.1425
5502858,Medde South,Gem,Palabek Gem,4.34,0.065
5502859,Beyogoya,Anaka,Palabek Gem,9.6325,0.655
5502860,Anaka South,Anaka,Palabek Gem,5.71,0.35
5502861,Beyogoya,Anaka,Palabek Gem,6.5925,0.9425
5502862,Anaka Central,Anaka,Palabek Gem,11.3625,1.0975
5502863,Ayuulupur,Anaka,Palabek Gem,19.37,0.745
5502864,Anaka Central,Anaka,Palabek Gem,18.093333333333334,0.15
5502865,Dyang Bii,Patanga,Palabek Gem,0.0,0.0
5502866,Lakwar,Patanga,Palabek Gem,12.365,1.15
5502867,Obokolot,Patanga,Palabek Gem,14.7425,1.0466666666666666
5502868,Kafata,Patanga,Palabek Gem,20.3,0.6366666666666666
5502869,Moroto West,Moroto,Palabek Gem,10.777500000000002,0.1566666666666666
5502870,Dyang Bii,Patanga,Palabek Gem,17.130000000000003,0.4275
5502871,India,Gem,Palabek Gem,12.26,0.25
5502872,Medde Central,Gem,Palabek Gem,11.276666666666667,0.7225
5502873,Amina,Gem,Palabek Gem,11.676666666666668,0.2266666666666666
5502874,Kamama South,Moroto,Palabek Gem,12.949999999999998,3.22
5502875,Moroto East,Moroto,Palabek Gem,15.089999999999998,0.2525
5502876,Kamama Central,Moroto,Palabek Gem,9.815,17.4275
5502877,Kamama Central,Moroto,Palabek Gem,9.035,14.395
5502878,Yaa Pacoro,Moroto,Palabek Gem,7.585,0.635
5502882,Arusha,Moroto,Palabek Gem,7.2799999999999985,0.1566666666666667
5502883,Katum,Moroto,Palabek Gem,5.5925,0.0625
5502884,Labworoyeng,Moroto,Palabek Gem,2.975,0.7200000000000001
5502885,Mudu Northwest,Paracelle,Palabek Ogili,3.0575,0.005
5502886,Otaa,Paracelle,Palabek Ogili,9.615,0.0
5502887,Mudu Central,Paracelle,Palabek Ogili,7.5175,0.9575
5502888,Mudu East,Paracelle,Palabek Ogili,9.8875,0.1033333333333333
5502889,Mudu Central,Paracelle,Palabek Ogili,7.157500000000001,0.0
5502890,Mudmwest,Paracelle,Palabek Ogili,7.0725,0.26
5502891,Kiira,Padwat,Palabek Ogili,12.577500000000002,0.5625
5502892,Padwat Northwest,Padwat,Palabek Ogili,10.815,0.045
5502893,Mudu South,Padwat,Palabek Ogili,13.25,0.0
5502894,Padwat Northeast,Padwat,Palabek Ogili,17.47,0.0
5502895,Kiira,Padwat,Palabek Ogili,100.0,0.0
5502896,Padwat West,Padwat,Palabek Ogili,14.055,0.0033333333333333
5502897,Kiira,Padwat,Palabek Ogili,100.0,0.0
5502898,Padwat Central,Padwat,Palabek Ogili,16.92,2.4325
5502899,Padwat South,Padwat,Palabek Ogili,22.293333333333333,0.4166666666666667
5502900,Padwat East,Padwat,Palabek Ogili,14.99,0.4933333333333333
5502901,Akworo East,Lugwar,Palabek Ogili,15.7275,1.5675
5502902,Odube,Apyetta,Palabek Ogili,15.8075,0.04
5502903,Apyetta East,Apyetta,Palabek Ogili,14.29,0.2833333333333334
5502904,Apyetta North,Apyetta,Palabek Ogili,13.735,0.005
5502905,Lagotopuk,Lugwar,Palabek Ogili,14.095,6.279999999999999
5502906,Lugwar Central,Lugwar,Palabek Ogili,15.7,0.8575
5502907,Mudu Northwest,Paracelle,Palabek Ogili,17.107499999999998,0.0425
5502908,Mudu West,Paracelle,Palabek Ogili,14.240000000000002,0.0225
5502909,Lanywang West,Labigirang,Palabek Kal,12.046666666666669,0.5275
5502910,Lanywang East,Labigirang,Palabek Kal,7.166666666666667,0.215
5502911,Lanywang Central,Labigirang,Palabek Kal,12.655,0.3775
5502912,Alimotiko West,Labigirang,Palabek Kal,10.795,0.3425
5502913,Lanywang East,Labigirang,Palabek Kal,17.46,0.4533333333333333
5502914,Alimotiko East,Labigirang,Palabek Kal,6.57,2.325
5502915,Lubiri,Pobura,Madi Opei,15.3525,0.3625
5502916,Oboko,Pawach,Agoro,16.675,0.6175
5502917,Ayuulupur,Anaka,Palabek Gem,45.45,0.0
5502918,Alimotiko Central,Labigirang,Palabek Kal,10.843333333333334,0.1333333333333333
5502919,Alimotiko West,Labigirang,Palabek Kal,10.966666666666669,1.1875
5502920,Apyetta Central,Apyetta,Palabek Ogili,9.4575,3.645
5502921,Apyetta South,Apyetta,Palabek Ogili,5.125,1.1925
5502922,Aja Ogala,Anaka,Palabek Gem,5.1225000000000005,0.4925
5502923,Dog Gwenyo,Okol,Madi Opei,18.966666666666665,0.3499999999999999
5502924,Litengi,Okol,Madi Opei,15.695,0.02
5502925,Kapeta,Okol,Madi Opei,14.935,1.4625
5502926,Kakira,Okol,Madi Opei,21.02333333333333,1.4375
5502927,Kakiula,Okol,Madi Opei,5.0525,0.16
5502928,Kiwiri,Okol,Madi Opei,7.99,1.1333333333333333
5502929,Teecwa,Okol,Madi Opei,7.722499999999999,2.775
5502930,Odya Oket,Okol,Madi Opei,5.4325,0.0424999999999999
5502931,Larobi,Paluga,Paluga,18.6975,0.8775000000000001
5502932,Katebo,Paluga,Paluga,14.6175,0.1974999999999999
5502933,Atangwa,Paluga,Paluga,22.88,0.0
5502934,Tumato,Paluga,Paluga,25.89333333333333,1.25
5502935,Dogudi,Paluga,Paluga,20.993333333333336,6.1275
5502936,Gena,Paluga,Paluga,13.5075,0.9366666666666666
5502937,Gai,Paluga,Paluga,19.363333333333333,3.485
5502938,Dogudi,Paluga,Paluga,24.326666666666668,4.725
5502939,Central,Paluga,Paluga,11.4025,30.0225
5502940,Palawau,Paluga,Paluga,10.5225,0.06
5502941,Alokorom,Paluga,Paluga,20.825,1.093333333333333
5502942,Jamula,Bungu,Paloga,11.795,0.615
5502943,Kangole,Pawaja,Paloga,19.4075,0.955
5502944,Marakach-a,Pawaja,Paloga,20.077500000000004,0.96
5502945,Kaliro,Pawaja,Paloga,19.1725,0.1166666666666666
5502946,Marakach -b,Pawaja,Paloga,19.4,0.97
5502947,Lamwo Forest Reserve,Paluga,Paloga,1.01,0.14
5502948,Lotogo,Pawaja,Paloga,19.273333333333333,3.7125
5502949,Atango,Pawaja,Paloga,18.9125,1.38
5502950,Ngany-b,Bungu,Paloga,5.5625,3.86
5502951,Loyoro,Bungu,Paloga,10.2,0.6966666666666667
5502952,Ngany-a,Bungu,Paloga,24.46333333333333,2.4725
5502953,Keca,Bungu,Paloga,15.625,0.2925
5502954,Orii Gangodye,Bungu,Paloga,13.3025,0.35
5502955,Orii Layima,Bungu,Paloga,16.073333333333334,0.58
5502956,Oria West,Alaa,Padibe East,39.1175,2.1875
5502957,Loi Tee-okworo,Alaa,Padibe East,30.0475,2.3575
5502958,Oria East,Alaa,Padibe East,34.57666666666667,2.5666666666666664
5502959,Lacari Leb Munu North,Alaa,Padibe East,36.053333333333335,0.505
5502960,Lacari Leb Munu,Alaa,Padibe East,28.397500000000004,2.8725
5502961,Okora South,Alaa,Padibe East,38.06,3.7125
5502962,Guci,Wangtit,Padibe East,25.1825,3.5825
5502963,Ogako North,Wangtit,Padibe East,0.0,64.89999999999999
5502964,Aaboo,Wangtit,Padibe East,20.16,0.6466666666666666
5502965,Palwal,Wangtit,Padibe East,27.3575,1.13
5502966,Maa Olwonga,Wangtit,Padibe East,25.910000000000004,0.47
5502967,Ogako North,Wangtit,Padibe East,23.3175,1.58
5502968,Locken West,Wangtit,Padibe East,59.64,0.0
5502969,Alenyo North,Wangtit,Padibe East,14.74,0.64
5502970,Locken East,Wangtit,Padibe East,12.066666666666668,0.52
5502971,Locken West,Wangtit,Padibe East,16.787499999999998,1.2966666666666666
5502972,Alenyo South,Wangtit,Padibe East,16.86,1.04
5502973,Tadi South,Wangtit,Padibe East,14.446666666666664,0.1166666666666666
5502974,Ogako South,Wangtit,Padibe East,15.925,4.1225000000000005
5502975,Tadi Central,Wangtit,Padibe East,13.9075,1.6575
5502976,Kal Central-b,Kal,Palabek Kal,22.543333333333337,2.41
5502979,Forest Reserve,Lamwo,Palabek Kal,9.9675,0.0066666666666666
5502980,Bajere Biya-a,Lamwo,Palabek Kal,13.246666666666664,1.1725
5502981,Miciri Kalaki,Lamwo,Palabek Kal,20.9,0.8325
5502982,Agoro,Lamwo,Palabek Kal,10.33,0.8266666666666665
5502983,Orom Central,Lamwo,Palabek Kal,13.093333333333334,0.9975
5502984,Orom West,Lamwo,Palabek Kal,16.053333333333335,0.79
5502985,Orom East,Lamwo,Palabek Kal,19.98333333333333,1.205
5502986,Agora,Lamwo,Palabek Kal,20.02,0.125
5502987,Miciri Kalaki,Lamwo,Palabek Kal,24.53,1.0875
5502988,Grazing Land,Ayuu Alali,Palabek Kal,6.1175,0.0375
5502989,Lobotoro,Ayuu Alali,Palabek Kal,7.275,0.3966666666666666
5502990,Katunguru Pawodating,Ayuu Alali,Palabek Kal,10.023333333333332,0.52
5502991,Amot Larom,Ayuu Alali,Palabek Kal,13.405,2.54
5502992,Tadi North,Wangtit,Padibe East,14.6975,6.175
5502993,Katum Central,Katum,Padibe East,13.1525,22.5525
5502994,Katum West,Katum,Padibe East,11.945,0.1725
5502995,Katum East,Katum,Padibe East,37.365,1.2174999999999998
5502996,Katum East-b,Katum,Padibe East,25.33333333333333,0.7825
5502997,Lagotonguu,Katum,Padibe East,14.1225,0.045
5502998,Dec Central,Katum,Padibe East,28.52,3.216666666666667
5502999,Dec East,Katum,Padibe East,29.25333333333333,0.08
5503000,Labayango,Katum,Padibe East,14.794999999999998,0.5249999999999999
5503001,Pabwoch West,Lagwel,Padibe West,16.8875,0.1425
5503002,Lomura,Lagwel,Padibe West,25.2825,1.815
5503003,Pabwoch East,Lagwel,Padibe West,18.9325,1.175
5503004,Biwang West,Madi Kiloc,Padibe West,24.30666666666667,1.335
5503005,Ayago,Madi Kiloc,Padibe West,25.01666666666667,0.2066666666666666
5503006,Oboke-lot,Madi Kiloc,Padibe West,21.08,0.255
5503007,Aluu East,Madi Kiloc,Padibe West,10.23,0.37
5503008,Biwang Central,Madi Kiloc,Padibe West,18.790000000000003,0.3075
5503009,Tegot Central,Madi Kiloc,Padibe West,21.42,0.465
5503010,Aluu West,Madi Kiloc,Padibe West,21.96333333333333,0.2366666666666666
5503011,Barara,Madi Kiloc,Padibe West,14.1525,0.6325
5503012,Coo-rom,Madi Kiloc,Padibe West,27.703333333333333,0.635
5503013,Agolo,Madi Kiloc,Padibe West,25.23,0.01
5503014,Palaa West,Mura,Padibe Tc,24.075,21.36
5503015,Palaa Central,Mura,Padibe Tc,31.60333333333333,12.5575
5503016,Loibide South,Mura,Padibe Tc,12.675,20.2725
5503017,Palaa East,Mura,Padibe Tc,41.025000000000006,9.755
5503018,Palaa East,Mura,Padibe Tc,27.465000000000003,8.715000000000002
5503019,Wigweng South,Mura,Padibe Tc,22.6125,6.199999999999999
5503020,Loibide North,Mura,Padibe Tc,27.1325,11.4075
5503021,Mission,Atwol,Padibe Tc,32.015,42.7925
5503022,Atwol-a,Atwol,Padibe Tc,7.322500000000001,75.66499999999999
5503023,Lotibol,Atwol,Padibe Tc,21.98,26.9475
5503024,Nyomaloo East,Kamama,Padibe Tc,11.776666666666667,10.1325
5503025,Pabwoch West,Lagwel,Padibe West,100.0,0.0
5503026,Loioryang,Kamama,Padibe Tc,30.35,3.945
5503027,Kamama East,Kamama,Padibe Tc,25.385,9.215
5503028,Doglokutu East,Kuluyee,Padibe Tc,33.903333333333336,0.7633333333333333
5503029,Ngomoromo Central,Gangdyang,Padibe Tc,24.553333333333335,5.82
5503030,Kakira South,Gangdyang,Padibe Tc,42.64333333333333,16.7025
5503031,Anyibi,Gangdyang,Padibe Tc,34.489999999999995,16.215
5503032,Owacomoo,Gangdyang,Padibe Tc,32.623333333333335,0.61
5503033,Kakira North,Kuluyee,Padibe Tc,28.68,0.3633333333333333
5503034,Doglokutu West,Kuluyee,Padibe Tc,29.135,1.4125
5503035,Doglukutu Central,Kuluyee,Padibe Tc,30.00333333333333,4.83
5503036,Otong Lawatpura,Ayuu Alali,Palabek Kal,5.383333333333333,0.0566666666666666
5503037,Kal Central-a,Kal,Palabek Kal,9.01,29.8375
5503038,Kal Central-b,Kal,Palabek Kal,13.185000000000002,12.7275
5503039,Agorodem,Kal,Palabek Kal,21.0725,1.0975
5503040,Pauma Mede,Kal,Palabek Kal,17.323333333333334,0.6366666666666666
5503041,Pamwa,Kal,Palabek Kal,27.7,1.0875
5503042,Pauma West,Kal,Palabek Kal,11.005,0.6366666666666666
5503043,Pauma East,Kal,Palabek Kal,12.1775,1.1
5503044,Pauma North,Kal,Palabek Kal,6.745,0.1033333333333333
5503045,Kal Central-a,Kal,Palabek Kal,11.3825,57.3225
5503046,Kal Central-a,Kal,Palabek Kal,5.916666666666667,79.38250000000001
5503047,Biya B Magala,Ayuu Alali,Palabek Kal,5.569999999999999,0.1225
5503048,Liri Central,Ayuu Alali,Palabek Kal,16.116666666666667,0.175
5503049,Larego,Ayuu Alali,Palabek Kal,14.106666666666664,0.05
5503050,Liri East,Ayuu Alali,Palabek Kal,15.626666666666663,0.68
5503051,Apuk,Licwar,Lokung,21.2875,0.065
5503052,Omwa,Parapono,Lokung,5.975,0.0699999999999999
5503053,Lela Bul West,Lelapwot,Lokung,9.3625,0.005
5503054,Yoke,Pawor,Lokung,14.303333333333333,0.7150000000000001
5503055,Ododo Central,Olebi,Lokung,15.0775,12.0375
5503056,Okora Central,Pangira,Lokung,15.25,2.78
5503057,Pateke,Dibolyec,Lokung,8.1775,0.42
5503058,Ber-lobo,Dibolyec,Lokung,3.4925,0.0525
5503059,Ywaya West,Dibolyec,Lokung,13.4875,0.0325
5503060,Ywaya East,Dibolyec,Lokung,9.5575,0.1425
5503061,Logwak Central,Dibolyec,Lokung,2.5966666666666667,1.5675
5503062,Logwak East,Dibolyec,Lokung,20.41333333333333,0.865
5503063,Guria West,Parapono,Lokung,19.5225,0.8274999999999999
5503064,Guria East,Parapono,Lokung,6.734999999999999,0.7324999999999999
5503065,Guria West,Parapono,Lokung,14.8625,2.0075000000000003
5503066,Lo-olii,Parapono,Lokung,6.365,0.0
5503067,Lela Bul East,Lelapwot,Lokung,9.04,0.1475
5503068,Lela Pwot West,Lelapwot,Lokung,20.6125,2.8975
5503069,Tedo-pee,Lelapwot,Lokung,14.7225,1.39
5503070,Tedo-pee,Lelapwot,Lokung,11.315,0.4775
5503071,Omekong,Lelapwot,Lokung,29.62333333333333,1.0525000000000002
5503072,Limu,Pawor,Lokung,8.94,0.02
5503073,Latida,Pawor,Lokung,13.605,0.6074999999999999
5503074,Bwotatum,Pawor,Lokung,8.4375,0.0433333333333333
5503075,Amero East,Ywaya,Padibe West,18.826666666666668,2.4266666666666663
5503076,Amero West,Ywaya,Padibe West,23.453333333333333,3.095
5503077,Ram-ram South,Ywaya,Padibe West,29.73333333333333,2.3200000000000003
5503078,Ram-ram South,Ywaya,Padibe West,26.9975,4.6
5503079,Bilape,Ywaya,Padibe West,17.78,0.9066666666666668
5503080,Olwongu West,Ywaya,Padibe West,37.75333333333334,3.82
5503081,Kafata,Ywaya,Padibe West,17.542499999999997,1.185
5503082,Lagotokanga,Abakadyak,Padibe West,4.952500000000001,0.08
5503083,Otac Pap,Abakadyak,Padibe West,21.295,0.05
5503084,Mekmek,Abakadyak,Padibe West,25.4025,0.0
5503085,Ayom South,Abakadyak,Padibe West,12.405,3.2
5503086,Laitepe,Abakadyak,Padibe West,16.883333333333333,2.0000000000000004
5503087,Lobiri,Abakadyak,Padibe West,26.700000000000003,0.7533333333333334
5503088,Ayom North,Abakadyak,Padibe West,31.33,1.2175
5503089,Store Bor,Abakadyak,Padibe West,12.393333333333336,13.365
5503090,Larom West,Abakadyak,Padibe West,31.41,2.2225
5503091,Larom East,Abakadyak,Padibe West,34.88666666666666,1.2275
5503092,Guda,Pobura,Madi Opei,19.13,2.306666666666666
5503093,Cinglonyo,Potika,Agoro,9.695,0.02
5503094,Palawau,Paluga,Paluga,28.88,0.0
5503095,Grazing Land,Potika,Agoro,2.5525,0.3033333333333333
5503096,Lobule-b,Potika,Agoro,7.875000000000001,0.07
5503097,Lobule-a,Potika,Agoro,11.8575,0.09
5503098,Cwiny Muribe-a,Potika,Agoro,15.377499999999998,0.0233333333333333
5503099,Cwiny Muribe-b,Potika,Agoro,12.3425,5.2625
5503100,Simba,Potika,Agoro,21.3175,0.255
5503101,Labedociri,Potika,Agoro,14.375,4.105
5503102,Grazing Land,Rudi,Agoro,6.5425,0.04
5503103,Lamwoka-b,Pawach,Agoro,4.4375,0.0
5503104,Penybuk,Pawach,Agoro,19.5325,0.8125
5503105,Moroto East,Pawach,Agoro,10.4125,1.045
5503106,Moroto West,Pawach,Agoro,16.063333333333333,1.195
5503107,Yweyope,Pawach,Agoro,17.5,2.0675
5503108,Karach Odwong,Pawach,Agoro,14.09,0.4533333333333333
5503109,Lamwoka-a,Pawach,Agoro,26.555,0.14
5503110,Agoro-agu Forest Reserve,Pawach,Agoro,3.035,0.0775
5503111,Tumanun-b,Pobar,Agoro,19.795,1.1375
5503112,Lugede,Rudi,Agoro,12.429999999999998,1.4066666666666665
5503113,Polongo-a,Rudi,Agoro,17.6725,0.49
5503114,Pakinyi,Rudi,Agoro,17.375,8.2975
5503115,Panyamiel,Rudi,Agoro,14.6625,0.2
5503116,Forest Reserve,Lopulingi,Agoro,4.34,0.035
5503117,Agula Loboyoko-a,Lopulingi,Agoro,19.765,7.226666666666667
5503118,Logu,Rudi,Agoro,14.802500000000002,0.43
5503119,Agula Loboyoko-b,Lopulingi,Agoro,5.596666666666667,3.835
5503120,Agula Odiciri,Lopulingi,Agoro,11.0125,7.5275
5503121,Palucire West,Lopulingi,Agoro,23.9625,4.4925
5503122,Lopulingi-a,Lopulingi,Agoro,12.240000000000002,2.6375
5503123,Lopulingi-b,Lopulingi,Agoro,4.97,14.085
5503124,Palucire East,Lopulingi,Agoro,13.4125,1.255
5503125,Panyul,Lopulingi,Agoro,4.245,3.033333333333333
5503126,Lobinonga,Lopulingi,Agoro,5.8825,4.17
5503127,Tegotkwero North,Pobar,Agoro,2.8400000000000003,22.4975
5503128,Central,Pobar,Agoro,15.15,58.55
5503129,Grazing Land,Pobar,Agoro,8.655,0.0133333333333333
5503130,Alele,Pobura,Madi Opei,21.43,0.9933333333333332
5503131,Labalokodi,Pobura,Madi Opei,16.41,0.51
5503132,Oryang,Pobura,Madi Opei,15.2225,0.6633333333333334
5503133,Karuma,Pobura,Madi Opei,14.313333333333334,0.075
5503134,Pobutu,Pobura,Madi Opei,18.415,0.9025
5503135,Lipan Hunting Area,Lawiye Oduny,Madi Opei,1.6325,0.0
5503136,Special Area-3,Lawiye Oduny,Madi Opei,6.920000000000001,0.06
5503137,Dog Tangi,Lawiye Oduny,Madi Opei,16.3075,2.75
5503138,Locimidik,Lawiye Oduny,Madi Opei,4.4975,0.56
5503139,Special Area-1,Lawiye Oduny,Madi Opei,1.26,0.0
5503140,Lotuko,Lawiye Oduny,Madi Opei,1.31,0.0225
5503141,Special Area-2,Lawiye Oduny,Madi Opei,13.335,0.0
5503142,Orogo,Lawiye Oduny,Madi Opei,5.44,0.3933333333333333
5503143,Pobudi,Madi Opei Town Board,Madi Opei,18.6525,2.15
5503144,Gem,Madi Opei Town Board,Madi Opei,16.8475,1.375
5503145,Central,Madi Opei Town Board,Madi Opei,12.0375,16.2275
5503146,Popany,Madi Opei Town Board,Madi Opei,13.2425,0.9625
5503147,Poyamo,Madi Opei Town Board,Madi Opei,32.49666666666666,23.62
5503148,Special Area,Madi Opei Town Board,Madi Opei,11.406666666666666,1.31
5503149,Central,Madi Opei Town Board,Madi Opei,46.535,42.903333333333336
5503150,Central,Madi Opei Town Board,Madi Opei,15.8875,3.0175
5503151,Poyamo,Madi Opei Town Board,Madi Opei,7.649999999999999,0.765
5503152,Central,Madi Opei Town Board,Madi Opei,13.0375,34.83
5503153,Okokwene,Olebi,Lokung,18.986666666666668,3.4250000000000003
5503154,Langwidi Yika 'a',Olebi,Lokung,18.3,3.8725
5503155,Langwidi Yika 'b',Olebi,Lokung,30.12333333333333,9.2475
5503156,Karatac,Pobel,Lokung,12.3275,18.6075
5503157,Ngora,Pobel,Lokung,3.31,33.427499999999995
5503158,Lomodo Central,Pakalabule,Lokung,35.79333333333333,2.18
5503159,Lomodo East,Pakalabule,Lokung,9.142500000000002,1.09
5503160,Licwar Central,Licwar,Lokung,13.935,16.087500000000002
5503161,Loyoayela,Pawach,Agoro,17.6125,0.385
5503162,Pitber,Potika,Agoro,6.725,1.88
5503163,Pobel Central,Pobel,Lokung,7.449999999999999,67.46000000000001
5503164,Lapalangwen Forest Reserve,Ateng,Lamwo Tc,16.570000000000004,0.0
5503165,Lomura-kwara,Kamama,Padibe Tc,29.776666666666667,1.7525
5503166,Nyomaloo West,Kamama,Padibe Tc,33.3675,2.8225
5503167,Got Kwar,Ateng,Lamwo Tc,14.9825,0.0233333333333333
5503168,Lamogi Ongu Forest Reserve,Atiba,Lamwo Tc,32.193333333333335,0.0
5503169,Ongalo,Ogwec,Lamwo Tc,22.9225,2.825
5503170,Lamogi Ongu Forest Reserve,Ogwec,Lamwo Tc,17.2575,0.29
5503171,Ocula South,Ocula,Lamwo Tc,23.026666666666667,2.015
5503172,Wii Got,Pobel,Lokung,13.1925,47.69
5503173,Kamama Central,Kamama,Padibe Tc,34.68333333333333,3.5875000000000004
5503174,Ngomoromo South,Gangdyang,Padibe Tc,33.080000000000005,1.22
5503175,Ngomoromo,Abakadyak,Padibe West,32.64666666666667,7.5525
5503176,Ododo Central,Olebi,Lokung,26.263333333333332,24.3775
5503177,Dec West,Katum,Padibe East,20.6125,1.69
5503178,Wigweng North,Mura,Padibe Tc,27.590000000000003,1.465
5503179,Tol Polo,Kamama,Padibe Tc,28.130000000000003,3.785
5503180,Pajong,Padwat,Palabek Ogili,14.813333333333333,0.1425
5503181,Ateda,Ogwec,Lokung,37.68,3.4325
5503182,Apyetta West,Apyetta,Palabek Ogili,6.5875,0.1166666666666666
5503183,Akworo Central,Lugwar,Palabek Ogili,13.5075,1.7424999999999995
5503184,Akilikongo,Pangira,Lokung,16.134999999999998,0.0766666666666666
5503185,Tegotkwero South,Pobar,Agoro,22.2525,8.717500000000001
5503186,Polongo-b,Rudi,Agoro,15.745,11.4125
5503187,Ngomwegi,Gangdyang,Padibe Tc,22.746666666666663,5.3575
5503188,Atwol-b,Atwol,Padibe Tc,10.345,22.9375
5503189,Bwola,Atwol,Padibe Tc,15.593333333333335,0.7275
5503190,Lela Mel,Ywaya,Padibe West,34.615,0.0533333333333333
5503191,Labworoyeng,Moroto,Palabek Gem,15.456666666666663,0.5575
5503192,Central,Paluga,Paluga,12.71,20.04
5503193,Obokolot,Bungu,Paloga,18.75333333333333,2.4325
5503194,Okora North,Alaa,Padibe East,40.23666666666667,4.1875
5503195,Loiangollo South,Alaa,Padibe East,47.28333333333334,0.0
5503196,Loi Angollo,Alaa,Padibe East,53.370000000000005,1.01
5503197,Guria Central,Parapono,Lokung,10.833333333333334,0.3775
5503198,Aweno Olwi,Dibolyec,Lokung,17.726666666666667,1.14
5503199,Latako,Dibolyec,Lokung,14.323333333333332,0.27
5503200,Ocula North,Ocula,Lamwo Tc,12.96,2.7425
5503201,Itiba,Bungu,Paloga,16.68,0.11
5503202,Laguri,Ywaya,Padibe West,26.08,9.19
5503203,Okora West,Pangira,Lokung,23.023333333333337,0.6725
5503204,Olwongu East,Ywaya,Padibe West,27.096666666666668,2.063333333333333
5503205,Tumangu,Katum,Padibe East,9.0625,0.1225
5503206,Lipan Hunting Area,Madi Opei Town Board,Madi Opei,3.9475,0.005
5503207,Lipan Hunting Area,Lawiye Oduny,Madi Opei,2.265,0.01
5503208,Lipan Hunting Area,Okol,Madi Opei,4.1,0.265
5503209,Pandwong,Kal,Palabek Kal,17.546666666666663,0.32
5503210,Labuce Aboro,Patanga,Palabek Gem,9.6375,0.0466666666666666
5504178,Abam,Cubu,Palabek Gem,6.41,0.06
